VendorID,tpep_pickup_dow,tpep_journey_hr,passenger_count,trip_distance,RatecodeID,store_and_fwd_flag,PULocationID,DOLocationID,payment_type,fare_amount,extra,mta_tax,tip_amount,tolls_amount,improvement_surcharge,total_amount
1,wed,16:00,1,3.7,1,N,107,87,1,2,0.5,0.5,2.85,0,0.3,17.15
1,wed,08:00,2,1.4,1,N,107,79,1,5,0.5,0.5,2.3,0,0.3,11.6
2,wed,22:00,3,14.87,1,N,132,226,1,6,0.5,0.5,8.26,0,0.3,49.56
1,wed,02:00,4,1.3,1,N,237,233,2,7,0.5,0.5,0,0,0.3,10.8
2,wed,20:00,1,3.72,1,N,163,249,2,6,0.5,0.5,0,0,0.3,19.8
1,wed,05:00,1,5.4,1,N,48,88,1,6,0.5,0.5,2,0,0.3,24.8
1,wed,08:00,1,2.4,1,N,170,236,1,6,0.5,0.5,2.45,0,0.3,14.75
1,wed,11:00,1,8.8,1,N,226,122,2,3,0.5,0.5,0,0,0.3,28.8
1,wed,04:00,2,0.7,1,N,166,43,2,4,0.5,0.5,0,0,0.3,5.8
1,wed,05:00,2,6.9,1,N,170,129,1,8,0.5,0.5,5,5.76,0.3,35.06
1,wed,16:00,2,1.4,1,N,142,141,1,9,0.5,0.5,2.9,0,0.3,12.7
2,wed,18:00,1,2.61,1,N,158,50,1,4,0.5,0.5,3.88,0,0.3,15.18
1,wed,09:00,2,6.9,1,N,161,33,2,1,0.5,0.5,0,0,0.3,24.3
2,wed,03:00,1,1.76,1,N,151,239,1,2,0.5,0.5,2.94,0,0.3,12.74
1,wed,12:00,2,3.6,1,N,113,33,1,8,0.5,0.5,3.8,0,0.3,19.1
1,wed,13:00,2,1.1,1,N,43,162,2,5,0.5,0.5,0,0,0.3,8.8
2,wed,06:00,1,6.1,1,N,239,158,1,4,0.5,0.5,5.26,0,0.3,31.56
2,wed,13:00,1,0.46,1,N,107,107,2,6,0.5,0.5,0,0,0.3,5.8
2,wed,17:00,2,0.99,1,N,246,246,1,2,0.5,0.5,1.7,0,0.3,8.5
1,wed,11:00,1,0.8,1,N,263,262,1,8,0.5,0.5,1.85,0,0.3,8.15
1,wed,12:00,1,0.4,1,N,143,239,1,1,0.5,0.5,1.05,0,0.3,6.35
1,wed,06:00,1,2.4,1,N,237,236,1,2,0.5,0.5,2.35,0,0.3,14.15
1,wed,23:00,1,19,1,N,132,189,1,7,0.5,0.5,8,0,0.3,61.8
2,wed,06:00,1,0.46,1,N,239,239,1,9,0.5,0.5,1.59,0,0.3,6.89
1,thu,06:00,1,2.4,1,N,107,230,1,4,0.5,0.5,4.55,0,0.3,22.85
2,wed,12:00,1,2.35,1,N,87,113,2,3,0.5,0.5,0,0,0.3,12.3
2,thu,21:00,1,1.68,1,N,236,238,1,7,0.5,0.5,1.86,0,0.3,11.16
2,sat,12:00,3,0.69,1,N,140,229,2,1,0.5,0.5,0,0,0.3,6.8
1,sat,00:00,2,0.8,1,N,142,239,1,5,0.5,0.5,1.26,0,0.3,7.56
2,thu,07:00,1,0.46,1,N,140,141,1,8,0.5,0.5,1.2,0,0.3,6
1,thu,17:00,1,11.2,1,N,132,36,1,0,0.5,0.5,6.85,0,0.3,41.15
1,sat,20:00,2,0.4,1,N,141,141,1,6,0.5,0.5,0.95,0,0.3,5.75
2,sat,19:00,1,3.93,1,N,141,249,2,8,0.5,0.5,0,0,0.3,19.3
1,fri,11:00,1,4.1,1,N,79,263,2,7,0.5,0.5,0,0,0.3,18.3
1,thu,22:00,2,2.8,1,N,50,263,1,6,0.5,0.5,2,0,0.3,14.8
2,wed,00:00,1,1.5,1,N,161,234,1,9,0.5,0.5,1.43,0,0.3,15.73
1,sun,20:00,1,2.6,1,N,158,48,1,6,0.5,0.5,3.05,0,0.3,18.35
1,thu,19:00,2,2.1,1,N,229,262,1,1,0.5,0.5,4,0,0.3,13.8
2,thur,21:00,1,0.78,1,N,233,162,1,8,0.5,0.5,1.36,0,0.3,8.16
2,thur,01:00,1,0.72,1,N,166,238,1,0,0.5,0.5,1.58,0,0.3,7.88
1,thu,02:00,1,1.2,1,N,237,236,1,9,0.5,0.5,1.35,0,0.3,8.15
1,tue,06:00,1,0,1,N,161,161,3,7,0.5,0.5,0,0,0.3,4.8
1,thur,10:00,1,0.6,1,N,237,163,1,3,0.5,0.5,1,0,0.3,7.3
1,thur,10:00,1,4.6,1,N,33,246,1,2,0.5,0.5,10,0,0.3,28.8
2,sat,02:00,1,3.89,1,N,263,239,1,2,0.5,0.5,3.16,0,0.3,18.96
1,sat,19:00,1,2.1,1,N,79,164,1,7,0.5,0.5,2.55,0,0.3,15.35
2,tue,03:00,1,0.66,1,N,48,50,2,1,0.5,0.5,0,0,0.3,6.8
1,sun,21:00,2,0.8,1,N,170,137,1,7,0.5,0.5,2,0,0.3,8.8
1,fri,15:00,2,1.8,1,N,237,233,2,3,0.5,0.5,0,0,0.3,10.8
1,fri,23:00,1,1.1,1,N,263,140,1,7,0.5,0.5,1,0,0.3,8.3
1,sat,06:00,4,2.9,1,N,161,236,1,2,0.5,0.5,2.76,0,0.3,16.56
2,sun,14:00,2,3.57,1,N,164,263,1,5,0.5,0.5,1,0,0.3,14.8
2,wed,22:00,2,5.83,1,N,48,33,1,8,0.5,0.5,3.87,0,0.3,29.67
2,thu,01:00,1,1.69,1,N,238,41,1,8,0.5,0.5,1.76,0,0.3,10.56
2,mon,18:00,1,1.15,1,N,142,239,1,8,0.5,0.5,1,0,0.3,9.3
1,sat,10:00,2,2.1,1,N,141,234,1,1,0.5,0.5,1.7,0,0.3,13
2,thur,08:00,1,3.93,1,N,233,238,2,4,0.5,0.5,0,0,0.3,16.3
2,thur,07:00,5,1.41,1,N,239,236,2,8,0.5,0.5,0,0,0.3,8.8
1,tue,22:00,2,2,1,N,211,261,2,2,0.5,0.5,0,0,0.3,10.8
2,sat,07:00,1,1.73,1,N,114,164,1,2,0.5,0.5,2.16,0,0.3,12.96
2,thur,00:00,5,20.11,1,N,132,51,2,4,0.5,0.5,0,5.76,0.3,60.56
2,fri,00:00,1,1.84,1,N,211,107,2,3,0.5,0.5,0,0,0.3,10.8
2,mon,10:00,1,2.65,1,N,239,162,2,2,0.5,0.5,0,0,0.3,13.8
1,fri,22:00,3,3.2,1,N,48,249,1,4,0.5,0.5,3.15,0,0.3,18.95
1,thu,17:00,1,1.9,1,N,170,79,1,0,0.5,0.5,10,0,0.3,22.3
1,fri,02:00,2,1.7,1,N,107,229,1,6,0.5,0.5,1,0,0.3,11.8
1,thur,05:00,1,7.6,1,N,238,247,1,1,0.5,0.5,4.85,0,0.3,29.15
1,fri,01:00,1,1.7,1,N,239,48,1,3,0.5,0.5,2.45,0,0.3,12.25
2,fri,18:00,1,5.01,1,N,132,216,2,0,0.5,0.5,0,0,0.3,18.3
1,thur,20:00,2,4.5,1,N,262,145,2,4,0.5,0.5,0,0,0.3,17.3
2,thur,13:00,2,0.85,1,N,162,161,1,2,0.5,0.5,1.76,0,0.3,10.56
2,fri,04:00,1,3.14,1,N,234,88,1,3,0.5,0.5,2,0,0.3,17.8
1,tue,12:00,1,4.2,1,N,264,229,1,7,0.5,0.5,3.25,0,0.3,19.55
1,wed,06:00,1,2,1,N,164,237,1,9,0.5,0.5,3.65,0,0.3,15.95
2,wed,01:00,1,3.88,1,N,170,229,1,7,0.5,0.5,4.2,0,0.3,21
2,thur,01:00,1,3.78,1,N,238,68,1,3,0.5,0.5,3.2,0,0.3,24.5
2,mon,07:00,2,2.32,1,N,163,75,1,2,0.5,0.5,2.06,0,0.3,12.36
2,wed,16:00,2,0.32,1,N,79,107,2,8,0.5,0.5,0,0,0.3,4.8
1,sun,12:00,3,1.4,1,N,141,162,2,8,0.5,0.5,0,0,0.3,8.8
2,sun,16:00,1,1.55,1,N,239,50,2,8,0.5,0.5,0,0,0.3,9.8
1,sun,01:00,2,4.1,1,N,48,145,1,0,0.5,0.5,5.45,0,0.3,23.75
1,tue,02:00,2,3.4,1,N,114,140,1,3,0.5,0.5,3.45,0,0.3,20.75
2,sun,22:00,3,12.18,1,N,132,129,2,4,0.5,0.5,0,0,0.3,36.8
2,sat,09:00,1,0.28,1,N,68,68,1,7,0.5,0.5,0.86,0,0.3,5.16
2,wed,18:00,6,16.71,1,N,262,16,1,3,0.5,0.5,0,0,0.3,48.3
2,sun,18:00,1,1,1,N,11,22,2,8,0.5,0.5,0,0,0.3,7.3
1,thu,08:00,1,0.9,1,N,107,170,1,7,0.5,0.5,1,0,0.3,8.3
1,wed,21:00,2,7,1,N,264,264,2,3,0.5,0.5,0,0,0.3,28.8
2,mon,21:00,1,2.9,1,N,246,144,1,3,0.5,0.5,2.96,0,0.3,17.76
1,thu,03:00,2,0.5,1,N,236,75,1,8,0.5,0.5,1.55,0,0.3,6.85
1,fri,06:00,1,4.9,1,N,231,162,1,8,0.5,0.5,1.11,0,0.3,17.91
2,wed,09:00,1,1.03,2,N,238,239,2,5,0,0.5,0,0,0.3,52.8
1,thur,16:00,4,0.8,1,N,170,230,2,7,0.5,0.5,0,0,0.3,10.3
1,fri,06:00,1,0.7,1,N,249,113,1,1,0.5,0.5,1.15,0,0.3,6.95
2,mon,09:00,1,9.53,1,N,263,95,1,9,0.5,0.5,9.24,0,0.3,40.04
1,wed,22:00,1,1.5,1,N,113,90,2,4,0.5,0.5,0,0,0.3,8.8
1,tue,07:00,1,5,1,N,74,50,1,8,0.5,0.5,4.7,0,0.3,23.5
1,thu,20:00,2,0.3,1,N,234,234,1,7,0.5,0.5,1,0,0.3,7.8
1,thur,18:00,3,0.4,1,N,74,74,2,6,0.5,0.5,0,0,0.3,4.8
1,thu,04:00,1,1.8,1,N,161,263,1,1,0.5,0.5,1.95,0,0.3,11.75
1,thur,01:00,1,3.8,1,N,79,237,1,1,0.5,0.5,1,0,0.3,15.8
2,wed,02:00,1,4.03,1,N,238,170,2,9,0.5,0.5,0,0,0.3,17.3
2,sun,11:00,1,11.02,1,N,132,92,1,6,0.5,0.5,6.46,0,0.3,38.76
1,fri,20:00,3,15.1,1,N,75,188,3,1,0.5,0.5,0,5.76,0.3,49.56
2,thur,17:00,4,6.25,1,N,158,166,1,3,0.5,0.5,5.36,0,0.3,32.16
2,thur,10:00,4,2.57,1,N,79,246,1,4,0.5,0.5,1.48,0,0.3,16.28
1,fri,05:00,4,1.6,1,N,236,262,1,7,0.5,0.5,2,0,0.3,10.8
2,thur,02:00,1,1.1,1,N,145,146,2,4,0.5,0.5,0,0,0.3,7.8
1,thur,12:00,1,1.7,1,N,233,141,1,6,0.5,0.5,2,0,0.3,10.8
1,mon,22:00,1,1.4,1,N,113,246,2,7,0.5,0.5,0,0,0.3,12.8
1,fri,14:00,2,0.9,1,N,166,151,1,5,0.5,0.5,1.95,0,0.3,9.75
2,mon,04:00,1,2.68,1,N,263,48,1,9,0.5,0.5,2,0,0.3,19.8
1,mon,13:00,2,5,1,N,144,142,1,9,0.5,0.5,5.15,0,0.3,30.95
1,wed,09:00,1,9.1,1,N,137,243,2,9,0.5,0.5,0,0,0.3,28.8
1,sat,05:00,1,1.7,1,N,113,186,1,5,0.5,0.5,2.5,0,0.3,14.3
2,sat,01:00,2,0.77,1,N,158,68,1,5,0.5,0.5,1.45,0,0.3,7.25
2,mon,09:00,1,0.3,1,N,79,148,2,5,0.5,0.5,0,0,0.3,5.3
1,wed,11:00,1,2.8,1,N,141,50,2,0,0.5,0.5,0,0,0.3,15.3
2,thur,17:00,2,1.29,1,N,249,114,1,5,0.5,0.5,1.86,0,0.3,11.16
1,thur,20:00,3,6.9,1,N,141,137,1,5,0.5,0.5,0,0,0.3,27.3
1,fri,23:00,1,1.5,1,N,236,237,1,9,0.5,0.5,1.65,0,0.3,9.95
2,thur,15:00,1,19.16,2,N,132,236,2,9,0,0.5,0,5.76,0.3,58.56
2,tue,00:00,2,2.57,1,N,45,97,1,1,0.5,0.5,2.16,0,0.3,12.96
2,sat,11:00,2,2.47,1,N,262,42,2,0,0.5,0.5,0,0,0.3,11.3
1,fri,00:00,1,2,1,N,170,79,1,1,0.5,0.5,0.98,0,0.3,10.78
2,sat,15:00,1,0.51,1,N,158,114,2,8,0.5,0.5,0,0,0.3,7.3
2,thur,06:00,2,3.71,1,N,246,263,1,7,0.5,0.5,0.84,0,0.3,17.64
2,sat,02:00,1,1.85,1,N,229,236,2,0,0.5,0.5,0,0,0.3,9.3
2,thu,17:00,1,3.12,1,N,114,163,1,8,0.5,0.5,0,0,0.3,20.3
2,sun,02:00,1,1.18,1,N,113,90,1,6,0.5,0.5,1.46,0,0.3,8.76
1,thu,13:00,1,8.3,1,N,223,250,2,4,0.5,0.5,0,5.76,0.3,31.56
2,thu,02:00,2,1.89,1,N,68,79,1,3,0.5,0.5,2.46,0,0.3,14.76
1,sun,07:00,1,1,1,N,249,79,1,3,0.5,0.5,1.95,0,0.3,9.75
1,thur,02:00,4,12,1,N,264,264,2,3,0,0.5,0,0,0.3,41.3
1,thur,19:00,2,1.1,1,N,48,143,1,0,0.5,0.5,1.45,0,0.3,8.75
2,sun,02:00,1,0.64,1,N,170,170,2,8,0.5,0.5,0,0,0.3,6.3
1,tue,12:00,1,9.1,1,N,116,146,2,5,0.5,0.5,0,0,0.3,30.8
2,thu,02:00,1,1.25,1,N,236,141,2,5,0.5,0.5,0,0,0.3,7.8
1,sun,15:00,1,1.2,1,N,166,151,2,4,0.5,0.5,0,0,0.3,7.8
2,wed,04:00,1,0.94,1,N,68,234,2,7,0.5,0.5,0,0,0.3,7.8
1,tue,05:00,1,3.4,1,N,262,170,1,6,0.5,0.5,1,0,0.3,14.8
2,thur,17:00,6,4.01,1,N,161,74,2,1,0.5,0.5,0,0,0.3,17.3
1,thu,09:00,1,3.6,1,N,170,75,2,3,0.5,0.5,0,0,0.3,16.8
2,sun,21:00,1,4.02,1,N,141,107,2,5,0.5,0.5,0,0,0.3,16.8
2,sun,00:00,1,2.29,1,N,68,48,1,9,0.5,0.5,2.56,0,0.3,15.36
1,sun,09:00,1,1.4,1,N,50,143,1,9,0.5,0.5,1.75,0,0.3,10.55
2,sun,08:00,2,0.57,1,N,90,246,2,7,0.5,0.5,0,0,0.3,9.3
2,sun,21:00,2,3.8,1,N,246,43,2,0,0.5,0.5,0,0,0.3,17.8
1,sun,04:00,1,2.5,1,N,162,50,2,9,0.5,0.5,0,0,0.3,17.8
1,sun,19:00,2,11,1,N,181,239,1,4,0.5,0.5,10.33,0,0.3,51.63
1,sun,00:00,4,0.5,1,N,107,234,2,5,0.5,0.5,0,0,0.3,6.3
1,sun,02:00,1,0.5,1,N,236,237,2,6,0.5,0.5,0,0,0.3,4.8
1,sun,14:00,1,2.4,1,N,262,142,1,6,0.5,0.5,2.45,0,0.3,14.75
1,sun,08:00,1,0.9,1,N,113,249,1,8,0.5,0.5,1.85,0,0.3,8.15
1,sun,11:00,2,0.8,1,N,238,239,2,0,0.5,0.5,0,0,0.3,6.8
1,sun,17:00,3,6.2,1,N,144,238,1,4,0.5,0.5,1,0,0.3,28.8
1,sun,10:00,1,2.1,1,N,48,170,2,1,0.5,0.5,0,0,0.3,14.3
2,sun,12:00,1,3.14,1,N,262,137,2,6,0.5,0.5,0,0,0.3,13.3
1,sun,19:00,1,0.9,1,N,234,137,1,5,0.5,0.5,5,0,0.3,12.8
1,sun,19:00,1,2.5,1,N,246,237,2,4,0.5,0.5,0,0,0.3,13.8
1,sun,15:00,3,0.6,1,N,238,238,2,5,0.5,0.5,0,0,0.3,5.8
2,sun,06:00,1,1.99,1,N,239,263,1,2,0.5,0.5,3.54,0,0.3,15.34
2,sun,02:00,2,2.3,1,N,75,140,1,4,0.5,0.5,2.16,0,0.3,12.96
2,sun,22:00,1,1.58,1,N,148,107,1,8,0.5,0.5,1.96,0,0.3,11.76
2,sun,04:00,5,5.08,1,N,158,238,1,8,0.5,0.5,4.82,0,0.3,24.12
2,sun,09:00,2,1.89,1,N,262,262,1,4,0.5,0.5,3.09,0,0.3,13.39
1,sun,09:00,3,0.3,1,N,107,79,1,1,0.5,0.5,0.96,0,0.3,5.76
1,sun,16:00,1,0.5,1,N,141,162,2,1,0.5,0.5,0,0,0.3,4.8
1,sun,05:00,1,1.6,1,N,90,50,1,9,0.5,0.5,1.23,0,0.3,13.53
2,sun,22:00,1,2.72,1,N,151,116,2,4,0.5,0.5,0,0,0.3,13.8
1,sun,04:00,1,3.9,1,N,229,238,1,2,0.5,0.5,4.7,0,0.3,20.5
1,sun,12:00,1,1.3,1,N,237,236,2,9,0.5,0.5,0,0,0.3,7.3
2,sun,04:00,2,2.28,1,N,43,151,1,6,0.5,0.5,2.16,0,0.3,12.96
1,sun,06:00,1,3.1,1,N,50,249,1,6,0.5,0.5,3.35,0,0.3,20.15
2,sun,22:00,1,1.56,1,N,237,262,2,3,0.5,0.5,0,0,0.3,8.8
2,sun,08:00,1,1.4,1,N,162,141,1,9,0.5,0.5,1.66,0,0.3,9.96
1,sun,05:00,1,17.6,4,N,132,265,2,1,0.5,0.5,0,0,0.3,77.3
1,sun,16:00,2,1.3,1,N,237,229,1,1,0.5,0.5,2.45,0,0.3,10.75
2,sun,12:00,1,2.78,1,N,48,239,1,8,0.5,0.5,1.7,0,0.3,15
1,sun,16:00,1,3,1,N,237,90,1,6,0.5,0.5,4.75,0,0.3,28.55
2,sun,13:00,1,1.11,1,N,13,231,1,5,0.5,0.5,0,0,0.3,8.3
1,sun,23:00,1,1.8,1,N,43,239,1,3,0.5,0.5,2.05,0,0.3,12.35
2,sun,22:00,1,0.65,1,N,238,239,2,9,0.5,0.5,0,0,0.3,5.8
2,sun,02:00,1,1.04,1,N,140,229,2,2,0.5,0.5,0,0,0.3,7.8
2,sun,19:00,1,1.42,1,N,170,141,1,1,0.5,0.5,1.56,0,0.3,9.36
1,sun,13:00,0,18,2,N,132,140,1,1,0,0.5,7,0,0.3,59.8
2,sun,17:00,1,1.78,1,N,43,43,1,3,0.5,0.5,1.96,0,0.3,11.76
1,sun,05:00,1,1.6,1,N,263,229,1,7,0.5,0.5,4,0,0.3,12.3
1,sun,03:00,1,1.9,1,N,238,237,1,2,0.5,0.5,1.85,0,0.3,11.15
1,sun,15:00,1,2.7,1,N,141,234,1,2,0.5,0.5,1,0,0.3,15.3
2,sun,22:00,5,21.42,2,N,132,87,1,6,0,0.5,11.71,5.76,0.3,70.27
2,sun,03:00,1,1.93,1,N,236,229,1,3,0.5,0.5,1.76,0,0.3,10.56
1,sun,04:00,1,0,1,N,161,161,3,4,0.5,0.5,0,0,0.3,4.3
1,sun,10:00,2,4.3,1,N,229,223,2,8,0.5,0.5,0,0,0.3,17.3
1,sun,08:00,1,1.2,1,N,144,87,1,1,0.5,0.5,3,0,0.3,11.3
1,sun,08:00,1,1.1,1,N,236,74,2,6,0.5,0.5,0,0,0.3,6.8
1,sun,17:00,2,1.4,1,N,137,164,2,1,0.5,0.5,0,0,0.3,8.8
1,sun,05:00,1,0.8,1,N,107,79,1,4,0.5,0.5,1.55,0,0.3,9.35
2,sun,11:00,1,4.38,1,N,113,49,1,1,0.5,0.5,3.86,0,0.3,23.16
1,sun,10:00,2,1.1,1,N,229,141,1,1,0.5,0.5,2,0,0.3,8.8
2,sun,03:00,2,0.72,1,N,141,236,1,0,0.5,0.5,2.2,0,0.3,8
2,sun,19:00,2,1.05,1,N,234,68,1,9,0.5,0.5,1.96,0,0.3,11.76
2,sun,11:00,6,3.58,1,N,211,48,2,7,0.5,0.5,0,0,0.3,24.3
2,sun,07:00,1,1.72,1,N,239,236,2,1,0.5,0.5,0,0,0.3,9.3
1,sun,00:00,1,4.6,1,N,237,112,1,1,0.5,0.5,3.45,0,0.3,20.75
2,sun,09:00,1,0.75,1,N,125,113,1,5,0.5,0.5,1.74,0,0.3,7.54
1,sun,13:00,1,2,1,N,137,141,1,0,0.5,0.5,1.85,0,0.3,11.15
2,sun,10:00,3,1.74,1,N,262,75,2,1,0.5,0.5,0,0,0.3,8.3
1,sun,03:00,2,4.5,1,N,141,42,1,6,0.5,0.5,3.25,0,0.3,19.55
2,sun,21:00,1,5.17,1,N,163,166,1,8,0.5,0.5,3.76,0,0.3,22.56
1,sun,12:00,1,1.1,1,N,239,151,2,4,0.5,0.5,0,0,0.3,6.8
2,sun,13:00,2,2.01,1,N,236,74,1,7,0.5,0.5,1.58,0,0.3,12.88
1,sun,19:00,1,1.2,1,N,68,79,1,6,0.5,0.5,1,0,0.3,9.8
1,sun,06:00,2,0.9,1,N,170,186,1,2,0.5,0.5,2.05,0,0.3,12.35
2,sun,13:00,3,1.8,1,N,43,141,1,0,0.5,0.5,2,0,0.3,11.3
1,sun,08:00,2,3.2,1,N,141,90,1,6,0.5,0.5,1,0,0.3,29.3
1,sun,12:00,1,1.2,1,N,237,236,2,4,0.5,0.5,0,0,0.3,7.3
1,sun,21:00,1,0.2,1,N,90,68,1,5,0.5,0.5,1,0,0.3,7.3
1,sun,20:00,1,0.8,1,N,170,233,1,6,0.5,0.5,2,0,0.3,8.8
2,sun,16:00,2,2.08,1,N,48,68,1,6,0.5,0.5,3.45,0,0.3,17.25
1,sun,19:00,3,2.9,1,N,264,264,2,5,0.5,0.5,0,0,0.3,13.8
1,sun,06:00,1,2,1,N,234,233,1,3,0.5,0.5,2.25,0,0.3,13.55
1,sun,15:00,2,2.1,1,N,186,48,1,5,0.5,0.5,2.85,0,0.3,17.15
2,sun,22:00,2,3.26,1,N,158,148,1,9,0.5,0.5,3.66,0,0.3,21.96
2,sun,09:00,3,1.57,1,N,229,263,1,2,0.5,0.5,1.17,0,0.3,8.97
2,sun,23:00,1,2.9,1,N,43,151,2,7,0.5,0.5,0,0,0.3,13.3
2,sun,03:00,1,2.27,1,N,143,262,1,8,0.5,0.5,2.46,0,0.3,14.76
1,sun,21:00,1,4.4,1,N,164,226,1,3,0.5,0.5,3.6,0,0.3,22.9
2,sun,05:00,2,0.71,1,N,162,163,1,2,0.5,0.5,1.56,0,0.3,9.36
1,sun,09:00,1,1,1,N,113,79,2,7,0.5,0.5,0,0,0.3,7.3
1,sun,14:00,1,6.5,1,Y,189,33,2,5,0.5,0.5,0,0,0.3,25.3
2,sun,20:00,1,3.6,1,N,239,68,1,1,0.5,0.5,2,0,0.3,16.8
1,sun,22:00,1,1.4,1,N,234,161,2,2,0.5,0.5,0,0,0.3,9.8
1,sun,09:00,1,1.8,1,N,162,263,1,2,0.5,0.5,1.65,0,0.3,9.95
2,sun,04:00,1,1.13,1,N,229,162,2,1,0.5,0.5,0,0,0.3,8.3
2,sun,23:00,1,3.4,1,N,137,141,1,3,0.5,0.5,2.3,0,0.3,17.6
1,sun,16:00,2,1.3,1,N,238,237,2,2,0.5,0.5,0,0,0.3,7.8
2,sun,14:00,5,5.1,1,N,262,148,1,0,0.5,0.5,4.95,0,0.3,24.75
1,sun,03:00,2,0.7,1,N,249,90,1,8,0.5,0.5,1.7,0,0.3,7.5
2,sun,17:00,1,3.78,1,N,239,68,2,5,0.5,0.5,0,0,0.3,15.3
1,sun,03:00,1,1.3,1,N,24,238,1,5,0.5,0.5,1.25,0,0.3,9.55
2,sun,07:00,2,0.95,1,N,246,68,1,0,0.5,0.5,0,0,0.3,7.8
2,sun,14:00,1,0.4,1,N,249,68,1,9,0.5,0.5,1,0,0.3,5.8
1,sun,04:00,1,2,1,N,238,237,1,1,0.5,0.5,2.3,0,0.3,11.6
1,sun,15:00,3,11.7,1,Y,33,95,1,5,0.5,0.5,5,0,0.3,45.8
1,sun,08:00,2,0.4,1,N,233,233,2,4,0.5,0.5,0,0,0.3,5.8
1,sun,14:00,2,1.4,1,N,238,236,2,3,0.5,0.5,0,0,0.3,9.3
1,sun,13:00,1,0.4,1,N,90,68,2,7,0.5,0.5,0,0,0.3,8.3
1,sun,07:00,2,0.8,1,N,239,143,2,7,0.5,0.5,0,0,0.3,6.8
1,sun,00:00,1,1,1,N,237,140,2,1,0.5,0.5,0,0,0.3,7.3
1,sun,00:00,1,2.2,1,N,158,148,1,1,0.5,0.5,1.18,0,0.3,12.98
1,sun,08:00,1,6,1,N,142,244,1,7,0.5,0.5,4.15,0,0.3,24.95
1,sun,01:00,1,1.3,1,N,144,261,2,4,0.5,0.5,0,0,0.3,8.8
1,sun,09:00,2,1.5,1,N,229,170,1,7,0.5,0.5,2.05,0,0.3,12.35
2,sun,01:00,1,2.69,1,N,236,41,2,9,0.5,0.5,0,0,0.3,11.8
2,sun,21:00,1,18.15,2,N,132,224,1,4,0,0.5,11.71,5.76,0.3,70.27
1,sun,15:00,1,5.2,1,N,79,239,1,1,0.5,0.5,2,0,0.3,23.3
2,sun,16:00,2,1.9,1,N,229,164,2,8,0.5,0.5,0,0,0.3,10.3
2,sun,13:00,3,8.39,1,N,262,13,2,8,0.5,0.5,0,0,0.3,26.3
1,sun,23:00,1,8,1,N,140,243,2,4,0.5,0.5,0,0,0.3,25.8
1,sun,19:00,1,1.6,1,N,263,74,1,2,0.5,0.5,1,0,0.3,8.8
2,sun,05:00,2,5.7,1,N,164,255,2,8,0.5,0.5,0,5.76,0.3,26.56
1,sun,20:00,2,1.2,1,N,237,142,1,5,0.5,0.5,1.66,0,0.3,9.96
1,sun,08:00,1,1.9,1,N,140,75,1,2,0.5,0.5,2,0,0.3,10.8
2,sun,15:00,5,5.89,1,N,141,144,1,6,0.5,0.5,4,0,0.3,25.8
2,sun,08:00,1,5.87,1,N,166,233,1,0,0.5,0.5,1,0,0.3,22.3
2,sun,20:00,1,1.5,1,N,79,125,1,9,0.5,0.5,2.06,0,0.3,12.36
1,sun,14:00,1,0.5,1,N,151,238,2,9,0.5,0.5,0,0,0.3,5.3
1,sun,18:00,2,2.1,1,N,48,229,2,1,0.5,0.5,0,0,0.3,14.3
2,sun,14:00,1,0.99,1,N,234,186,1,9,0.5,0.5,1.5,0,0.3,8.8
2,sun,19:00,5,1.57,1,N,170,48,1,2,0.5,0.5,3.95,0,0.3,19.75
2,sun,11:00,1,0.77,1,N,143,48,2,2,0.5,0.5,0,0,0.3,7.8
1,sun,13:00,2,3.1,1,N,239,116,1,4,0.5,0.5,3.65,0,0.3,15.95
2,sun,14:00,1,3.09,1,N,80,114,1,8,0.5,0.5,2.66,0,0.3,15.96
2,sun,00:00,1,0.56,1,N,151,166,1,1,0.5,0.5,1.16,0,0.3,6.96
2,sun,14:00,5,2.3,1,N,238,141,2,2,0.5,0.5,0,0,0.3,12.3
2,sun,07:00,1,3.23,1,N,262,224,2,7,0.5,0.5,0,0,0.3,12.3
1,sun,13:00,1,8.7,1,N,163,25,1,9,0.5,0.5,7.15,0,0.3,42.95
1,sun,00:00,3,8.7,1,N,239,136,2,6,0.5,0.5,0,0,0.3,28.3
1,sun,23:00,4,18.1,2,N,132,224,1,1,0,0.5,5,0,0.3,57.8
1,sun,05:00,1,1.3,1,N,114,90,2,9,0.5,0.5,0,0,0.3,20.3
1,sun,00:00,1,1.1,1,N,249,107,1,3,0.5,0.5,1,0,0.3,9.8
2,sun,09:00,5,1.84,1,N,263,239,1,7,0.5,0.5,1,0,0.3,11.3
1,sun,12:00,2,3,1,N,142,166,1,6,0.5,0.5,2.55,0,0.3,15.35
2,sun,04:00,1,2.68,1,N,162,43,1,7,0.5,0.5,2.82,0,0.3,14.12
2,sun,17:00,1,22.59,1,N,132,181,1,8,0.5,0.5,7,0,0.3,68.3
1,sun,06:00,1,4.1,1,N,107,88,1,7,0.5,0.5,4.55,0,0.3,19.85
1,sun,18:00,1,5.3,1,N,144,236,1,4,0.5,0.5,4.55,0,0.3,27.35
1,sun,04:00,1,1.3,1,N,162,107,1,6,0.5,0.5,2.15,0,0.3,12.95
1,sun,23:00,3,2,1,N,41,236,1,6,0.5,0.5,2.15,0,0.3,12.95
2,sun,20:00,1,0.8,1,N,79,107,1,4,0.5,0.5,1.74,0,0.3,7.54
1,sun,22:00,1,3.9,1,N,231,137,1,0,0.5,0.5,4.4,0,0.3,19.2
1,sun,21:00,1,1.7,1,N,237,143,1,7,0.5,0.5,1.5,0,0.3,11.8
2,sun,15:00,3,0.83,1,N,151,238,1,8,0.5,0.5,0.78,0,0.3,8.58
1,sun,17:00,1,1,1,N,236,140,2,2,0.5,0.5,0,0,0.3,7.3
2,sun,01:00,1,6.37,1,N,48,244,1,2,0.5,0.5,4.26,0,0.3,25.56
1,sun,12:00,1,2.4,1,N,249,13,2,6,0.5,0.5,0,0,0.3,12.3
2,sun,07:00,1,3.92,1,N,158,87,1,6,0.5,0.5,2,0,0.3,17.3
2,sun,05:00,2,1.91,1,N,142,246,2,9,0.5,0.5,0,0,0.3,11.8
1,fri,09:00,1,3.7,1,N,229,7,1,0,0.5,0.5,3.7,0,0.3,18.5
2,tue,21:00,2,1.84,1,N,114,158,1,5,0.5,0.5,2.76,0,0.3,16.56
1,fri,23:00,1,1.5,1,N,211,4,1,8,0.5,0.5,2.45,0,0.3,12.25
1,fri,10:00,1,5.2,1,N,75,246,1,4,0.5,0.5,5.35,0,0.3,32.15
1,fri,09:00,2,3.4,1,N,142,75,1,3,0.5,0.5,4.25,0,0.3,18.55
1,fri,04:00,4,16.6,1,N,132,133,1,6,0.5,0.5,7,0,0.3,56.3
1,tue,10:00,1,7.5,1,N,159,18,2,6,0.5,0.5,0,0,0.3,28.8
2,fri,18:00,1,2.07,1,N,114,87,1,7,0.5,0.5,2.94,0,0.3,12.74
1,thur,01:00,1,1.5,1,N,231,158,1,9,0.5,0.5,1,0,0.3,9.8
2,thur,20:00,1,1.73,1,N,50,246,1,4,0.5,0.5,0,0,0.3,10.3
2,sat,01:00,1,3.82,1,N,50,24,1,1,0.5,0.5,3.26,0,0.3,19.56
2,sun,19:00,2,1.31,1,N,142,239,1,9,0.5,0.5,2.08,0,0.3,10.38
1,sun,17:00,2,1.1,1,N,229,170,1,5,0.5,0.5,1,0,0.3,7.8
1,thu,09:00,4,1.3,1,N,75,263,2,9,0.5,0.5,0,0,0.3,7.3
1,sun,01:00,2,4.5,1,N,263,249,1,8,0.5,0.5,4.35,0,0.3,26.15
1,tue,06:00,1,1.8,1,N,126,213,3,8,0.5,0.5,0,0,0.3,8.3
1,tue,11:00,1,17.9,2,N,132,229,1,2,0,0.5,8,5.76,0.3,66.56
1,fri,15:00,1,1.8,1,N,142,238,1,1,0.5,0.5,1.95,0,0.3,11.75
2,mon,21:00,1,9.33,1,N,68,138,2,5,0.5,0.5,0,5.76,0.3,35.56
2,sat,12:00,1,3.97,1,N,181,114,2,9,0.5,0.5,0,0,0.3,18.3
1,fri,21:00,2,8.8,1,N,140,243,1,5,0.5,0.5,5.35,0,0.3,32.15
2,wed,19:00,1,3.56,1,N,24,141,2,4,0.5,0.5,0,0,0.3,14.8
2,thu,14:00,3,1.45,1,N,237,263,1,1,0.5,0.5,1.56,0,0.3,9.36
2,mon,11:00,2,0.86,1,N,113,158,1,9,0.5,0.5,1.46,0,0.3,8.76
2,sun,07:00,5,0,2,N,193,193,2,9,0,0.5,0,0,0.3,55.55
1,tue,21:00,2,1.8,1,N,142,238,1,1,0.5,0.5,2.15,0,0.3,12.95
2,tue,08:00,5,1.23,1,N,236,74,1,6,0.5,0.5,1.7,0,0.3,8.5
1,sat,12:00,4,0.8,1,N,181,257,3,3,0.5,0.5,0,0,0.3,6.3
1,sat,15:00,1,2.3,1,N,239,141,1,8,0.5,0.5,2.55,0,0.3,15.35
1,wed,07:00,1,2.5,1,N,161,262,2,2,0.5,0.5,0,0,0.3,14.3
2,tue,16:00,2,2.84,1,N,75,229,1,8,0.5,0.5,2.26,0,0.3,13.56
1,wed,15:00,1,0.7,1,N,234,164,2,9,0.5,0.5,0,0,0.3,8.3
1,fri,07:00,1,1.5,1,N,162,140,2,8,0.5,0.5,0,0,0.3,8.3
2,mon,20:00,2,4.04,1,N,68,236,1,5,0.5,0.5,3.86,0,0.3,23.16
1,mon,21:00,1,1,1,N,166,24,2,0,0.5,0.5,0,0,0.3,7.3
1,sat,01:00,2,0.5,1,N,263,141,1,6,0.5,0.5,0.96,0,0.3,5.76
1,tue,07:00,2,0.5,1,N,249,90,2,3,0.5,0.5,0,0,0.3,5.8
2,sun,11:00,1,1.18,1,N,238,143,1,1,0.5,0.5,1.95,0,0.3,9.75
2,sun,22:00,1,3.42,1,N,142,90,1,9,0.5,0.5,4.86,0,0.3,29.16
1,fri,21:00,1,1.6,1,N,239,48,2,7,0.5,0.5,0,0,0.3,8.3
1,tue,05:00,3,1.4,1,N,236,238,2,1,0.5,0.5,0,0,0.3,8.8
2,sat,09:00,2,1.42,1,N,48,246,1,5,0.5,0.5,0,0,0.3,13.3
2,mon,22:00,1,4.85,1,N,132,10,1,3,0.5,0.5,3.36,0,0.3,20.16
1,thu,16:00,1,2.6,1,N,234,143,1,5,0.5,0.5,4.7,0,0.3,23.5
1,tue,07:00,1,1.3,1,N,161,137,1,7,0.5,0.5,0,0,0.3,8.3
2,tue,11:00,1,1.45,1,N,79,158,1,9,0.5,0.5,2.16,0,0.3,12.96
2,tue,09:00,4,0.78,1,N,211,144,1,4,0.5,0.5,1.26,0,0.3,7.56
1,tue,23:00,1,2.4,1,N,45,4,1,8,0.5,0.5,2.55,0,0.3,15.35
1,sat,18:00,1,0.4,1,N,141,141,2,4,0.5,0.5,0,0,0.3,5.8
2,fri,09:00,1,0.69,1,N,143,239,2,8,0.5,0.5,0,0,0.3,6.3
1,wed,07:00,2,5.7,1,N,263,223,2,6,0.5,0.5,0,0,0.3,20.3
1,sun,04:00,1,1.4,1,N,239,238,1,4,0.5,0.5,1.85,0,0.3,11.15
2,tue,00:00,2,3.12,1,N,142,170,1,1,0.5,0.5,2.66,0,0.3,15.96
1,mon,17:00,1,1.9,1,N,74,42,2,5,0.5,0.5,0,0,0.3,9.8
2,wed,17:00,1,1.12,1,N,239,151,2,7,0.5,0.5,0,0,0.3,7.8
2,thur,08:00,1,1.6,1,N,236,239,2,8,0.5,0.5,0,0,0.3,8.3
2,fri,16:00,1,15.31,1,N,132,226,2,5,0.5,0.5,0,0,0.3,42.8
1,tue,16:00,2,14.4,1,N,238,98,2,1,0.5,0.5,0,5.76,0.3,49.06
1,sat,15:00,1,2,1,N,140,233,2,6,0.5,0.5,0,0,0.3,9.3
1,thur,14:00,2,0.3,1,N,262,263,2,3,0.5,0.5,0,0,0.3,5.3
2,thu,21:00,1,0.7,1,N,90,249,2,1,0.5,0.5,0,0,0.3,7.8
2,tue,03:00,1,0.86,1,N,229,141,1,1,0.5,0.5,1.26,0,0.3,7.56
2,sat,21:00,2,1.03,1,N,249,125,2,1,0.5,0.5,0,0,0.3,8.8
1,thur,22:00,1,3,1,N,125,246,1,7,0.5,0.5,4.1,0,0.3,17.9
2,sun,03:00,3,3.7,1,N,107,263,1,5,0.5,0.5,2.96,0,0.3,17.76
2,mon,20:00,2,1.78,1,N,142,164,2,5,0.5,0.5,0,0,0.3,16.8
1,sat,13:00,0,5.3,1,N,50,50,1,2,0.5,0.5,0.75,0,0.3,4.55
1,sat,14:00,1,1.5,1,N,244,152,1,9,0.5,0.5,1.85,0,0.3,11.15
1,sat,10:00,3,0.8,1,N,239,238,1,8,0.5,0.5,1.25,0,0.3,7.55
2,sun,01:00,1,11.98,1,N,132,82,2,2,0.5,0.5,0,0,0.3,35.8
2,sun,00:00,1,0.99,1,N,141,263,2,3,0.5,0.5,0,0,0.3,6.3
1,wed,15:00,3,0.7,1,N,236,262,1,2,0.5,0.5,2.45,0,0.3,10.75
1,sun,16:00,1,1,1,N,161,170,2,4,0.5,0.5,0,0,0.3,8.8
2,thu,07:00,2,2.75,1,N,107,163,2,3,0.5,0.5,0,0,0.3,12.8
2,wed,01:00,1,1.37,1,N,90,68,2,5,0.5,0.5,0,0,0.3,12.3
2,fri,18:00,1,1.97,1,N,211,164,1,6,0.5,0.5,2.06,0,0.3,12.36
2,mon,01:00,1,0.75,1,N,236,43,1,1,0.5,0.5,1.45,0,0.3,7.25
2,tue,14:00,5,9.28,1,N,48,225,2,8,0.5,0.5,0,0,0.3,42.3
1,tue,03:00,1,1.4,1,N,237,239,1,5,0.5,0.5,1.95,0,0.3,9.75
1,thu,16:00,1,2.5,1,N,74,151,2,5,0.5,0.5,0,0,0.3,12.3
1,tue,04:00,3,0.6,1,N,161,229,1,1,0.5,0.5,1.35,0,0.3,8.15
1,thur,23:00,1,4.5,1,N,144,161,1,4,0.5,0.5,4.65,0,0.3,27.95
2,sun,10:00,1,2.61,1,N,68,232,2,3,0.5,0.5,0,0,0.3,16.3
1,thu,09:00,4,1.4,1,N,236,237,1,6,0.5,0.5,1.76,0,0.3,10.56
1,thu,23:00,1,5.5,1,N,234,61,1,6,0.5,0.5,4.45,0,0.3,26.75
2,sun,04:00,1,1.38,1,N,161,163,2,4,0.5,0.5,0,0,0.3,19.3
2,sun,06:00,2,0.36,1,N,163,163,1,8,0.5,0.5,0.8,0,0.3,6.1
2,sun,23:00,1,0.36,1,N,239,239,2,3,0.5,0.5,0,0,0.3,5.3
1,tue,18:00,1,1.8,1,N,162,186,2,1,0.5,0.5,0,0,0.3,12.3
1,sat,17:00,1,3.8,1,N,4,246,2,6,0.5,0.5,0,0,0.3,26.3
2,sat,11:00,1,1.53,1,N,79,164,1,4,0.5,0.5,2.26,0,0.3,13.56
2,tue,20:00,1,1.5,1,N,161,229,2,5,0.5,0.5,0,0,0.3,11.8
1,tue,03:00,1,0.9,1,N,237,140,1,6,0.5,0.5,0.02,0,0.3,6.32
2,thu,00:00,1,2.58,1,N,237,48,1,4,0.5,0.5,4.59,0,0.3,19.89
2,wed,19:00,1,3.48,1,N,163,79,1,5,0.5,0.5,1,0,0.3,19.3
2,tue,22:00,1,1.93,1,N,137,229,1,7,0.5,0.5,1.96,0,0.3,11.76
1,wed,00:00,2,0.6,1,N,161,170,1,1,0.5,0.5,25,0,0.3,39.3
1,sun,06:00,3,2.3,1,N,164,79,2,4,0.5,0.5,0,0,0.3,14.8
2,mon,11:00,2,0.69,1,N,236,236,1,2,0.5,0.5,0.94,0,0.3,7.24
1,fri,02:00,1,0.6,1,N,262,236,1,8,0.5,0.5,1.25,0,0.3,7.55
1,tue,02:00,1,0.8,1,N,170,161,1,5,0.5,0.5,1.85,0,0.3,11.15
1,wed,16:00,3,1.1,1,N,107,162,2,6,0.5,0.5,0,0,0.3,7.3
1,thu,14:00,1,1.3,1,N,107,79,1,1,0.5,0.5,2.9,0,0.3,12.7
2,thu,05:00,1,0.74,1,N,151,238,1,2,0.5,0.5,1.36,0,0.3,8.16
2,sat,17:00,5,0.85,1,N,90,249,1,5,0.5,0.5,1.95,0,0.3,9.75
1,thur,23:00,1,3.6,1,N,79,141,1,9,0.5,0.5,3.15,0,0.3,18.95
1,tue,21:00,2,2.1,1,N,144,170,1,0,0.5,0.5,2.65,0,0.3,15.95
1,tue,15:00,1,0.8,1,N,79,79,1,7,0.5,0.5,1.26,0,0.3,7.56
2,mon,14:00,3,0.13,1,N,114,79,2,7,0.5,0.5,0,0,0.3,3.8
1,sat,18:00,4,1.9,1,N,140,162,2,3,0.5,0.5,0,0,0.3,9.3
1,wed,08:00,1,0.7,1,Y,239,142,2,3,0.5,0.5,0,0,0.3,6.8
1,sun,06:00,2,3,1,N,263,107,1,8,0.5,0.5,2.65,0,0.3,15.95
2,sat,21:00,1,4.19,1,N,143,224,1,5,0.5,0.5,2,0,0.3,22.8
2,mon,08:00,4,2.01,1,N,68,170,1,0,0.5,0.5,3.26,0,0.3,19.56
2,sun,08:00,1,31.57,1,N,138,138,2,9,0.5,0.5,0,0,0.3,83.8
1,sat,11:00,2,5.9,1,N,107,181,1,4,0.5,0.5,5.05,0,0.3,30.35
1,fri,19:00,3,1.7,1,N,137,161,2,5,0.5,0.5,0,0,0.3,10.3
1,wed,17:00,1,10.8,1,N,238,52,1,1,0.5,0.5,8.65,0,0.3,43.45
1,mon,01:00,1,5.1,1,N,148,141,1,7,0.5,0.5,4.15,0,0.3,24.95
2,thu,15:00,5,0.72,1,N,148,4,1,6,0.5,0.5,1.26,0,0.3,7.56
2,thur,21:00,1,0.72,1,N,162,43,2,3,0.5,0.5,0,0,0.3,8.3
2,sun,16:00,2,4.03,1,N,170,239,1,5,0.5,0.5,6.2,0,0.3,31
1,thur,11:00,1,1,1,N,140,262,1,9,0.5,0.5,1.02,0,0.3,7.82
1,thur,19:00,3,2.4,1,N,43,113,1,0,0.5,0.5,3.55,0,0.3,21.35
1,tue,04:00,1,1,1,N,249,114,2,2,0.5,0.5,0,0,0.3,8.3
1,wed,22:00,1,8,1,N,244,68,2,2,0.5,0.5,0,0,0.3,28.3
2,thur,08:00,1,6.57,1,N,231,238,1,6,0.5,0.5,5.06,0,0.3,30.36
2,fri,16:00,5,1.93,1,N,79,186,1,3,0.5,0.5,3.54,0,0.3,15.34
1,sat,08:00,2,0.4,1,N,164,170,4,8,0.5,0.5,0,0,0.3,5.8
2,sun,08:00,2,17.61,2,N,132,74,1,3,0,0.5,11.71,5.76,0.3,70.27
1,thur,03:00,4,1.5,1,N,141,237,2,8,0.5,0.5,0,0,0.3,9.3
2,thur,03:00,1,1.6,1,N,237,233,1,9,0.5,0.5,1.86,0,0.3,11.16
2,mon,15:00,1,6.2,1,N,260,74,2,1,0.5,0.5,0,5.76,0.3,26.06
2,sun,19:00,1,0.76,1,N,142,239,1,8,0.5,0.5,2,0,0.3,7.8
1,mon,20:00,3,1.3,1,N,142,163,2,7,0.5,0.5,0,0,0.3,9.3
1,sun,00:00,1,1.1,1,N,79,231,1,5,0.5,0.5,1,0,0.3,9.3
1,wed,19:00,2,5.6,1,N,74,235,1,6,0.5,0.5,0,0,0.3,19.3
2,tue,16:00,2,0.74,1,N,263,236,2,3,0.5,0.5,0,0,0.3,6.8
2,fri,16:00,5,4.74,1,N,237,158,1,3,0.5,0.5,4.26,0,0.3,25.56
1,thu,09:00,1,1.3,1,N,237,262,2,1,0.5,0.5,0,0,0.3,8.3
2,wed,15:00,3,3.28,1,N,151,244,2,0,0.5,0.5,0,0,0.3,14.3
2,thur,05:00,1,1.97,1,N,162,263,1,9,0.5,0.5,1.96,0,0.3,11.76
2,mon,03:00,4,5.99,1,N,209,233,2,5,0.5,0.5,0,0,0.3,19.8
2,thur,03:00,1,6.91,1,N,170,42,2,3,0.5,0.5,0,0,0.3,22.8
1,sun,21:00,1,1.1,1,N,161,170,1,4,0.5,0.5,2.05,0,0.3,12.35
2,fri,03:00,2,3.34,1,N,48,224,1,4,0.5,0.5,4.06,0,0.3,24.36
1,sat,01:00,2,2.6,1,N,79,209,2,2,0.5,0.5,0,0,0.3,12.8
2,sat,08:00,1,7.25,1,N,87,263,1,4,0.5,0.5,4.76,0,0.3,28.56
1,fri,17:00,2,3.5,1,N,263,164,1,9,0.5,0.5,3.15,0,0.3,18.95
2,tue,18:00,1,1.56,1,N,238,237,1,7,0.5,0.5,1.86,0,0.3,11.16
2,tue,19:00,1,2.51,1,N,239,162,2,7,0.5,0.5,0,0,0.3,11.8
2,thur,21:00,2,1.95,1,N,234,48,2,8,0.5,0.5,0,0,0.3,14.3
2,tue,08:00,2,0.55,1,N,231,231,1,2,0.5,0.5,1.06,0,0.3,6.36
1,fri,14:00,1,5.9,1,N,141,83,2,1,0.5,0.5,0,0,0.3,19.8
1,wed,03:00,2,1.9,1,N,237,262,1,9,0.5,0.5,1.85,0,0.3,11.15
1,wed,04:00,2,3.8,1,N,263,107,1,0,0.5,0.5,4.55,0,0.3,19.85
1,sat,11:00,1,1.4,1,N,233,141,1,8,0.5,0.5,1.75,0,0.3,10.55
1,fri,12:00,1,9.4,1,N,88,151,1,3,0.5,0.5,6.25,0,0.3,37.55
1,thur,20:00,1,4.2,1,N,239,137,1,4,0.5,0.5,0,0,0.3,18.3
1,wed,06:00,1,4.2,1,N,181,225,1,7,0.5,0.5,2,0,0.3,19.3
1,thur,09:00,3,0.6,1,N,161,170,2,5,0.5,0.5,0,0,0.3,13.3
1,tue,23:00,2,0.9,1,N,142,239,1,1,0.5,0.5,1.4,0,0.3,7.2
1,fri,23:00,1,0.7,1,N,246,68,1,5,0.5,0.5,1.15,0,0.3,6.95
2,thu,22:00,1,2.6,1,N,43,137,1,3,0.5,0.5,2.14,0,0.3,16.44
1,fri,14:00,1,0.8,1,N,170,107,1,3,0.5,0.5,1.95,0,0.3,9.75
2,thur,10:00,1,5.36,1,N,79,261,2,0,0.5,0.5,0,0,0.3,19.8
1,tue,22:00,1,2.6,1,N,261,148,1,6,0.5,0.5,2.75,0,0.3,16.55
1,thur,19:00,1,1.1,1,N,140,237,2,2,0.5,0.5,0,0,0.3,10.3
2,sun,13:00,1,2.85,1,N,114,162,1,7,0.5,0.5,3.36,0,0.3,20.16
2,tue,18:00,1,2.26,1,N,107,161,1,9,0.5,0.5,2.46,0,0.3,14.76
2,wed,13:00,1,0.59,1,N,236,237,2,8,0.5,0.5,0,0,0.3,5.8
2,sun,10:00,5,4,1,N,148,234,1,8,0.5,0.5,3.57,0,0.3,27.37
1,tue,10:00,1,1.5,1,N,48,186,2,7,0.5,0.5,0,0,0.3,9.3
2,tue,01:00,1,2.89,1,N,239,68,2,9,0.5,0.5,0,0,0.3,15.8
2,sat,13:00,1,1.48,1,N,239,151,1,6,0.5,0.5,1.76,0,0.3,10.56
2,sun,05:00,1,4.97,1,N,234,80,1,7,0.5,0.5,4.16,0,0.3,24.96
1,mon,07:00,2,3.7,1,N,74,119,1,5,0.5,0.5,1,0,0.3,16.3
2,tue,09:00,1,0.88,1,N,263,236,2,3,0.5,0.5,0,0,0.3,7.3
2,wed,08:00,1,0.96,1,N,186,246,2,9,0.5,0.5,0,0,0.3,7.8
1,sun,16:00,1,3.5,1,N,125,48,1,3,0.5,0.5,4.33,0,0.3,21.63
1,mon,18:00,2,1.3,1,N,249,234,1,7,0.5,0.5,2.25,0,0.3,13.55
2,thur,23:00,2,0.61,1,N,140,236,2,5,0.5,0.5,0,0,0.3,5.3
2,wed,16:00,1,0.9,1,N,158,249,1,9,0.5,0.5,1.7,0,0.3,8.5
1,thu,07:00,1,2.5,1,N,238,48,1,1,0.5,0.5,10,0,0.3,23.3
1,fri,19:00,3,1.8,1,N,163,140,2,7,0.5,0.5,0,0,0.3,12.3
2,tue,15:00,1,1.2,1,N,151,239,2,7,0.5,0.5,0,0,0.3,7.8
2,thur,15:00,1,0.54,1,N,229,229,1,5,0.5,0.5,2.04,0,0.3,8.84
1,thu,18:00,4,0.9,1,N,170,164,1,9,0.5,0.5,1.55,0,0.3,9.35
2,sun,22:00,2,1.01,1,N,239,151,1,2,0.5,0.5,1.46,0,0.3,8.76
2,fri,02:00,1,4.73,1,N,151,243,2,0,0.5,0.5,0,0,0.3,17.3
2,thur,20:00,1,4.6,1,N,48,261,1,6,0.5,0.5,0,0,0.3,23.3
1,tue,15:00,1,4.3,1,N,263,107,1,9,0.5,0.5,3.45,0,0.3,20.75
1,thur,22:00,1,0.7,1,N,143,50,1,9,0.5,0.5,1.25,0,0.3,7.55
1,thur,16:00,1,2.4,1,N,162,107,1,2,0.5,0.5,2.55,0,0.3,15.35
2,mon,23:00,1,1.93,1,N,151,236,1,4,0.5,0.5,2.06,0,0.3,12.36
2,mon,07:00,2,1.67,1,N,90,231,2,4,0.5,0.5,0,0,0.3,9.8
2,fri,13:00,6,4.82,1,N,97,35,2,1,0.5,0.5,0,0,0.3,20.8
1,thur,22:00,2,1.1,1,N,162,140,1,9,0.5,0.5,1.75,0,0.3,10.55
1,thu,23:00,1,1.2,1,N,161,170,1,2,0.5,0.5,2.95,0,0.3,14.75
2,fri,05:00,1,6.06,1,N,68,41,2,1,0.5,0.5,0,0,0.3,25.8
2,sun,15:00,1,0.84,1,N,234,234,2,2,0.5,0.5,0,0,0.3,9.3
1,sat,05:00,3,0,1,Y,237,264,2,8,0.5,0.5,0,0,0.3,7.8
1,wed,05:00,1,1.6,1,N,238,236,1,9,0.5,0.5,2.9,0,0.3,12.7
2,tue,16:00,1,4.18,1,N,137,238,2,5,0.5,0.5,0,0,0.3,15.3
1,thu,15:00,1,0.5,1,N,239,239,1,5,0.5,0.5,1.35,0,0.3,8.15
2,tue,00:00,1,1.29,1,N,151,166,1,3,0.5,0.5,0,0,0.3,8.3
2,mon,14:00,3,2.43,1,N,43,151,1,9,0.5,0.5,2.46,0,0.3,14.76
2,wed,17:00,1,0.71,1,N,236,236,2,7,0.5,0.5,0,0,0.3,5.3
2,sat,23:00,1,7.59,1,N,234,225,1,1,0.5,0.5,0,0,0.3,31.8
1,thur,23:00,1,1.2,1,N,236,238,1,6,0.5,0.5,1.65,0,0.3,9.95
1,thu,06:00,1,2.2,1,N,186,229,1,0,0.5,0.5,4.25,0,0.3,18.55
2,fri,12:00,1,4.1,1,N,50,263,1,9,0.5,0.5,2.85,0,0.3,20.65
1,thu,16:00,1,1.9,1,N,230,143,1,1,0.5,0.5,3.05,0,0.3,15.35
1,fri,15:00,1,1.3,1,N,161,141,1,3,0.5,0.5,1.75,0,0.3,10.55
1,thu,17:00,1,5.4,1,N,261,142,1,2,0.5,0.5,5.45,0,0.3,27.25
2,thur,06:00,1,3.47,1,N,237,90,1,4,0.5,0.5,2.82,0,0.3,21.62
2,mon,16:00,6,3.15,1,N,232,162,1,2,0.5,0.5,2.76,0,0.3,16.56
1,tue,10:00,2,2.6,1,N,142,233,1,4,0.5,0.5,3.05,0,0.3,15.35
2,wed,13:00,2,0.91,1,N,141,229,2,6,0.5,0.5,0,0,0.3,8.8
2,sun,03:00,1,1.5,1,N,48,68,1,6,0.5,0.5,2.16,0,0.3,12.96
2,thur,23:00,1,4.06,1,N,141,166,2,1,0.5,0.5,0,0,0.3,15.8
2,fri,00:00,2,6.18,1,N,238,249,1,3,0.5,0.5,5.58,0,0.3,27.88
1,thur,12:00,2,1.6,1,N,141,239,2,3,0.5,0.5,0,0,0.3,8.8
2,sat,22:00,2,7.37,1,N,237,264,2,2,0.5,0.5,0,0,0.3,24.8
1,mon,05:00,2,2.6,1,N,151,142,1,5,0.5,0.5,2.65,0,0.3,15.95
2,tue,20:00,1,3.7,1,N,249,143,1,8,0.5,0.5,3.36,0,0.3,20.16
2,wed,01:00,2,2.44,1,N,144,256,2,3,0.5,0.5,0,0,0.3,11.8
1,tue,14:00,1,0.9,1,N,68,249,1,3,0.5,0.5,0,0,0.3,7.8
1,wed,17:00,1,2.1,1,N,237,170,1,4,0.5,0.5,1.95,0,0.3,11.75
1,mon,13:00,1,0.8,1,N,234,68,1,2,0.5,0.5,1.85,0,0.3,11.15
1,thur,18:00,1,1.8,1,N,211,232,2,7,0.5,0.5,0,0,0.3,10.8
1,mon,06:00,1,0.5,1,N,142,142,2,3,0.5,0.5,0,0,0.3,5.8
2,sat,18:00,6,4.9,1,N,164,41,1,6,0.5,0.5,4.76,0,0.3,28.56
1,thur,00:00,2,3.6,1,N,161,41,1,8,0.5,0.5,2.5,0,0.3,16.3
2,wed,06:00,1,2.8,1,N,113,229,2,8,0.5,0.5,0,0,0.3,13.3
1,tue,15:00,1,2,1,N,90,50,1,0,0.5,0.5,2.65,0,0.3,15.95
1,sat,22:00,1,1,1,N,161,170,2,3,0.5,0.5,0,0,0.3,8.8
1,tue,02:00,2,1.2,1,N,142,237,2,1,0.5,0.5,0,0,0.3,8.3
2,thur,10:00,1,1.07,1,N,239,48,2,6,0.5,0.5,0,0,0.3,8.8
1,sun,10:00,4,6,1,N,79,75,1,2,0.5,0.5,5.05,0,0.3,30.35
1,tue,04:00,1,8.9,1,N,79,196,2,0,0.5,0.5,0,0,0.3,27.8
1,fri,02:00,1,0.9,1,N,238,24,1,6,0.5,0.5,2,0,0.3,8.8
1,sun,20:00,4,1.4,1,N,170,140,2,4,0.5,0.5,0,0,0.3,9.8
1,thur,15:00,2,3.1,1,N,142,263,1,7,0.5,0.5,1.5,0,0.3,14.3
1,thu,12:00,3,2.5,1,N,142,263,1,7,0.5,0.5,2,0,0.3,14.3
1,tue,07:00,4,2.7,1,N,163,262,1,1,0.5,0.5,2.45,0,0.3,14.75
2,mon,23:00,1,2.54,1,N,262,143,1,0,0.5,0.5,2.46,0,0.3,14.76
1,thur,07:00,1,1.9,1,N,186,158,2,9,0.5,0.5,0,0,0.3,12.8
2,fri,05:00,5,0.93,1,N,114,113,1,7,0.5,0.5,2.19,0,0.3,9.49
1,sun,05:00,1,1.9,1,N,161,137,2,7,0.5,0.5,0,0,0.3,12.8
1,wed,21:00,2,1.8,1,N,161,100,2,1,0.5,0.5,0,0,0.3,14.8
1,thur,18:00,1,3.2,1,N,79,100,2,4,0.5,0.5,0,0,0.3,20.8
1,thur,10:00,2,9.8,1,N,158,14,1,0,0.5,0.5,6.25,0.56,0.3,37.61
2,sat,08:00,1,1.68,1,N,263,229,1,9,0.5,0.5,1.33,0,0.3,9.63
1,mon,18:00,3,0.4,1,N,43,161,2,1,0.5,0.5,0,0,0.3,6.3
1,fri,04:00,2,1.5,1,N,75,151,2,5,0.5,0.5,0,0,0.3,8.8
2,thu,11:00,1,1.59,1,N,170,48,2,4,0.5,0.5,0,0,0.3,11.8
2,sun,18:00,5,1.36,1,N,79,164,1,9,0.5,0.5,1.66,0,0.3,9.96
2,sat,21:00,1,0.06,1,N,116,42,2,7,0.5,0.5,0,0,0.3,3.8
1,sat,21:00,2,0.5,1,N,144,148,1,7,0.5,0.5,1.15,0,0.3,6.95
1,thu,01:00,1,0.7,1,N,264,264,2,3,0,0.5,0,0,0.3,8.8
1,sat,00:00,1,3.9,1,N,4,261,1,4,0.5,0.5,2.85,0,0.3,17.15
1,thur,11:00,2,3.6,1,N,237,113,2,1,0.5,0.5,0,0,0.3,16.8
1,thu,16:00,2,2.8,1,N,249,162,2,2,0.5,0.5,0,0,0.3,14.8
1,thu,11:00,1,1.9,1,N,249,13,1,4,0.5,0.5,2.75,0,0.3,12.05
1,mon,00:00,1,1.4,1,N,25,189,1,5,0.5,0.5,2,0,0.3,12.8
1,wed,15:00,1,1.4,1,N,114,68,1,8,0.5,0.5,2.25,0,0.3,13.55
1,thu,05:00,1,1.1,1,N,90,107,1,3,0.5,0.5,1.95,0,0.3,11.75
2,mon,11:00,5,1.74,1,N,79,186,2,7,0.5,0.5,0,0,0.3,11.8
2,thu,20:00,1,4.4,1,N,162,151,2,5,0.5,0.5,0,0,0.3,16.3
1,thu,14:00,0,8.9,1,N,229,37,1,6,0.5,0.5,7.7,0,0.3,38.5
2,sun,03:00,1,2.37,1,N,236,164,1,9,0.5,0.5,2.66,0,0.3,15.96
1,thur,19:00,1,0.6,1,N,249,249,1,2,0.5,0.5,0.68,0,0.3,7.48
2,thur,04:00,5,0,1,N,193,193,2,9,0.5,0.5,0,0,0.3,7.55
1,mon,16:00,1,0.8,1,Y,236,238,1,5,0.5,0.5,1.26,0,0.3,7.56
1,wed,14:00,1,6.3,1,N,224,25,1,5,0.5,0.5,5.7,0,0.3,28.5
2,thur,03:00,5,0.76,1,N,234,113,1,3,0.5,0.5,1.46,0,0.3,8.76
2,thu,03:00,2,6.37,1,N,237,244,2,4,0.5,0.5,0,0,0.3,22.8
2,thu,01:00,1,3.17,1,N,50,113,1,9,0.5,0.5,3.26,0,0.3,19.56
1,tue,05:00,1,1.5,1,N,237,263,2,4,0.5,0.5,0,0,0.3,9.8
2,sat,13:00,1,1.05,1,N,263,141,1,6,0.5,0.5,1.36,0,0.3,8.16
2,thu,04:00,5,5.05,1,N,41,41,2,4,0.5,0.5,0,0,0.3,19.8
2,mon,23:00,1,3.25,1,N,24,140,1,6,0.5,0.5,2.56,0,0.3,15.36
1,fri,10:00,1,1.1,1,N,262,140,1,3,0.5,0.5,1.8,0,0.3,9.1
2,thu,05:00,1,4.3,1,N,113,263,1,6,0.5,0.5,3,0,0.3,22.3
2,sat,10:00,1,1.12,1,N,90,79,1,0,0.5,0.5,1.66,0,0.3,9.96
1,fri,17:00,1,2.4,1,N,238,152,2,1,0.5,0.5,0,0,0.3,11.8
1,thur,12:00,4,1.7,1,N,164,79,2,0,0.5,0.5,0,0,0.3,10.8
1,thu,00:00,1,0.8,1,N,141,141,1,6,0.5,0.5,1.25,0,0.3,7.55
1,sun,03:00,2,1.4,1,N,229,170,2,8,0.5,0.5,0,0,0.3,11.8
1,thu,16:00,2,1.7,1,N,238,263,1,0,0.5,0.5,2.45,0,0.3,12.25
2,fri,17:00,2,0.8,1,N,50,246,1,3,0.5,0.5,1.36,0,0.3,8.16
1,sun,04:00,3,2.5,1,N,42,151,2,9,0.5,0.5,0,0,0.3,12.3
2,thur,00:00,2,1.96,1,N,161,263,2,5,0.5,0.5,0,0,0.3,9.3
1,thur,01:00,1,3.2,1,N,107,48,1,9,0.5,0.5,3.26,0,0.3,19.56
2,thu,03:00,1,1.71,1,N,236,142,2,9,0.5,0.5,0,0,0.3,9.8
2,thur,18:00,1,0.3,1,N,107,107,1,4,0.5,0.5,1.06,0,0.3,6.36
2,mon,11:00,1,1.87,1,N,90,90,1,5,0.5,0.5,10,0,0.3,21.3
1,sun,10:00,1,0,1,N,142,264,2,2,0.5,0.5,0,0,0.3,3.8
1,thu,13:00,1,2.8,1,N,148,170,1,7,0.5,0.5,0,0,0.3,13.3
2,mon,04:00,4,5.2,1,N,262,79,1,2,0.5,0.5,3.66,0,0.3,21.96
2,tue,17:00,2,0.1,1,N,148,148,2,0,0.5,0.5,0,0,0.3,3.8
2,wed,10:00,1,1.48,1,N,234,224,1,2,0.5,0.5,2.16,0,0.3,12.96
1,wed,20:00,1,1.1,1,N,237,236,1,2,0.5,0.5,2.3,0,0.3,10.1
2,tue,13:00,4,0.55,1,N,238,151,1,1,0.5,0.5,1.89,0,0.3,8.19
2,thu,20:00,1,1.06,1,N,141,229,2,6,0.5,0.5,0,0,0.3,7.3
1,mon,08:00,1,0.4,1,N,137,107,1,2,0.5,0.5,1.05,0,0.3,6.35
1,thur,11:00,1,2.3,1,N,186,237,1,6,0.5,0.5,1,0,0.3,14.8
2,wed,09:00,1,7.49,1,N,249,75,1,1,0.5,0.5,5.46,0,0.3,32.76
2,thu,19:00,1,0.93,1,N,170,233,1,0,0.5,0.5,1.56,0,0.3,9.36
1,thu,08:00,1,1.3,1,N,163,229,1,6,0.5,0.5,1.25,0,0.3,9.05
1,fri,04:00,1,1.9,1,N,141,75,1,9,0.5,0.5,1.76,0,0.3,10.56
1,thu,10:00,1,2.7,1,N,152,75,2,4,0.5,0.5,0,0,0.3,14.3
1,mon,01:00,1,1.5,1,N,151,239,1,1,0.5,0.5,1.65,0,0.3,9.95
1,sat,07:00,1,2.1,1,N,162,186,2,7,0.5,0.5,0,0,0.3,13.8
1,sat,23:00,1,0.7,1,Y,148,148,1,4,0.5,0.5,1.8,0,0.3,9.1
2,thur,12:00,4,2.62,1,N,238,237,1,3,0.5,0.5,2.56,0,0.3,15.36
1,wed,20:00,2,5.9,1,N,236,158,1,9,0.5,0.5,6.35,0,0.3,27.65
2,wed,08:00,1,2.69,1,N,229,140,1,0,0.5,0.5,2.26,0,0.3,13.56
1,thur,06:00,1,5.6,1,N,125,263,1,3,0.5,0.5,3,0,0.3,24.8
1,sun,07:00,1,0.9,1,N,141,229,2,7,0.5,0.5,0,0,0.3,6.3
2,fri,12:00,3,2.4,1,N,239,237,2,0,0.5,0.5,0,0,0.3,11.8
1,wed,22:00,2,1.1,1,N,148,114,1,4,0.5,0.5,1.75,0,0.3,10.55
2,thu,22:00,1,1.98,1,N,114,68,2,2,0.5,0.5,0,0,0.3,19.3
1,sun,11:00,1,3.4,1,N,170,231,2,6,0.5,0.5,0,0,0.3,16.8
2,thur,15:00,2,0.49,1,N,79,79,1,3,0.5,0.5,1.59,0,0.3,6.89
1,thur,07:00,2,5.3,1,N,261,229,1,2,0.5,0.5,3.75,0,0.3,22.55
1,sun,17:00,2,1.2,1,N,229,141,2,2,0.5,0.5,0,0,0.3,7.3
1,sat,22:00,2,8.1,1,N,48,106,1,0,0.5,0.5,7.6,5.76,0.3,45.66
1,thu,00:00,1,1.4,1,N,239,24,1,5,0.5,0.5,1.7,0,0.3,8.5
1,sat,10:00,1,0.8,1,N,236,141,1,4,0.5,0.5,3,0,0.3,9.3
1,fri,09:00,1,1.7,1,N,224,68,1,5,0.5,0.5,4.25,0,0.3,18.55
2,thur,17:00,3,5.41,1,N,234,41,1,1,0.5,0.5,3,0,0.3,25.8
1,mon,09:00,1,1.4,1,N,142,237,1,6,0.5,0.5,1.5,0,0.3,9.8
1,sat,11:00,2,1.3,1,N,264,170,1,1,0.5,0.5,2.15,0,0.3,12.95
1,mon,21:00,1,0.8,1,N,148,79,1,0,0.5,0.5,2,0,0.3,8.8
1,tue,20:00,1,0.7,1,N,237,237,2,1,0.5,0.5,0,0,0.3,6.3
1,thur,03:00,1,0.4,1,N,161,161,1,1,0.5,0.5,3.35,0,0.3,14.65
1,mon,04:00,1,4.7,1,N,4,263,1,2,0.5,0.5,3.35,0,0.3,20.15
1,wed,10:00,1,1.5,1,N,163,237,2,9,0.5,0.5,0,0,0.3,7.8
1,sat,05:00,2,3.7,1,N,48,263,1,1,0.5,0.5,3.45,0,0.3,20.75
1,thu,18:00,1,1,1,N,7,146,2,1,0.5,0.5,0,0,0.3,6.8
1,thu,22:00,1,0.8,1,N,74,74,2,5,0.5,0.5,0,0,0.3,7.3
2,fri,08:00,1,3.47,1,N,170,262,1,3,0.5,0.5,3.02,0,0.3,19.82
1,tue,20:00,2,1.3,1,N,264,264,2,2,0.5,0.5,0,0,0.3,10.8
2,thur,15:00,1,0.93,1,N,113,249,1,2,0.5,0.5,1.76,0,0.3,10.56
1,thur,12:00,1,1.7,1,N,50,239,1,6,0.5,0.5,1.7,0,0.3,10.5
2,sun,21:00,1,1.47,1,N,234,137,1,3,0.5,0.5,0,0,0.3,12.8
1,sun,09:00,6,0.5,1,N,161,161,3,0,0.5,0.5,0,0,0.3,5.3
1,sat,15:00,1,3.8,1,N,239,234,1,4,0.5,0.5,3.7,0,0.3,21
2,mon,22:00,1,0.76,1,N,107,137,1,0,0.5,0.5,1.36,0,0.3,8.16
2,thu,17:00,2,1.68,1,N,107,186,1,8,0.5,0.5,1.86,0,0.3,11.16
2,thu,08:00,1,0.67,1,N,231,211,1,4,0.5,0.5,1.16,0,0.3,6.96
1,sat,04:00,4,9.6,1,N,138,239,1,2,0.5,0.5,7.2,5.76,0.3,43.26
2,thur,16:00,4,0.74,1,N,170,233,1,9,0.5,0.5,1,0,0.3,7.3
1,tue,06:00,2,5.3,1,N,50,148,1,8,0.5,0.5,4.55,0,0.3,27.35
1,tue,07:00,3,0.4,1,N,263,263,1,5,0.5,0.5,2,0,0.3,6.8
2,sat,23:00,1,2.24,1,N,50,68,1,2,0.5,0.5,1.2,0,0.3,12
2,tue,19:00,1,11.71,1,N,50,212,2,7,0.5,0.5,0,0,0.3,38.8
2,mon,03:00,6,2.84,1,N,68,209,2,5,0.5,0.5,0,0,0.3,14.8
1,sun,22:00,1,1.1,1,N,90,107,2,1,0.5,0.5,0,0,0.3,12.3
1,tue,13:00,1,1.9,1,N,143,151,1,6,0.5,0.5,2.7,0,0.3,13.5
1,sun,01:00,1,0.3,1,Y,239,239,2,8,0.5,0.5,0,0,0.3,5.3
1,tue,01:00,4,3.2,1,N,161,249,2,8,0.5,0.5,0,0,0.3,19.8
2,thu,10:00,2,19.13,2,N,132,238,1,6,0,0.5,11.71,5.76,0.3,70.27
1,mon,09:00,1,4.3,1,N,229,112,1,6,0.5,0.5,3.35,0,0.3,20.15
1,sun,08:00,1,1.3,1,N,186,114,1,8,0.5,0.5,1.85,0,0.3,11.15
2,wed,19:00,5,2.49,1,N,163,239,2,4,0.5,0.5,0,0,0.3,11.3
1,sun,22:00,1,1.5,1,N,232,79,1,5,0.5,0.5,1.99,0,0.3,11.29
2,thu,12:00,1,3.35,1,N,143,41,1,4,0.5,0.5,2.66,0,0.3,17.91
1,sun,14:00,1,6.2,1,N,231,237,1,5,0.5,0.5,6.7,0,0.3,33.5
1,sun,23:00,1,3,1,N,170,236,1,7,0.5,0.5,1.02,0,0.3,13.82
1,sat,16:00,2,0.7,1,N,263,140,2,3,0.5,0.5,0,0,0.3,5.8
2,wed,09:00,1,0.95,1,N,170,90,2,9,0.5,0.5,0,0,0.3,12.3
1,thur,16:00,1,1.8,1,N,249,4,2,9,0.5,0.5,0,0,0.3,9.8
1,tue,04:00,1,2.9,1,N,233,79,2,3,0.5,0.5,0,0,0.3,14.3
2,wed,20:00,1,1.14,1,N,249,90,2,7,0.5,0.5,0,0,0.3,17.3
2,tue,19:00,1,3.67,1,N,132,218,2,0,0.5,0.5,0,0,0.3,13.8
1,fri,03:00,1,1.3,1,N,236,162,1,8,0.5,0.5,2,0,0.3,8.8
1,mon,03:00,1,1,1,N,140,233,1,5,0.5,0.5,1,0,0.3,7.3
1,sat,00:00,1,0.9,1,N,68,48,1,0,0.5,0.5,2,0,0.3,11.8
1,fri,19:00,4,2.2,1,N,144,170,1,0,0.5,0.5,5,0,0.3,16.3
2,thu,14:00,2,0.78,1,N,125,114,1,4,0.5,0.5,1.74,0,0.3,7.54
1,thu,18:00,2,1.4,1,Y,79,231,1,1,0.5,0.5,1.85,0,0.3,11.15
1,fri,11:00,2,8.9,1,N,138,224,1,2,0.5,0.5,8.25,5.76,0.3,41.31
2,fri,16:00,1,1.05,1,N,79,148,1,9,0.5,0.5,1.46,0,0.3,8.76
1,mon,21:00,2,1.4,1,N,209,13,2,3,0.5,0.5,0,0,0.3,8.8
2,wed,02:00,2,0.78,1,N,236,236,1,9,0.5,0.5,1.16,0,0.3,6.96
2,tue,09:00,1,3.5,1,N,239,74,2,9,0.5,0.5,0,0,0.3,14.3
2,fri,08:00,2,0.9,1,N,48,142,1,0,0.5,0.5,1.26,0,0.3,7.56
1,wed,14:00,1,1.4,1,N,143,238,1,3,0.5,0.5,1.65,0,0.3,9.95
1,wed,05:00,1,1.3,1,N,196,173,2,6,0.5,0.5,0,0,0.3,9.3
1,thu,15:00,2,4.7,1,N,88,107,1,7,0.5,0.5,3.35,0,0.3,20.15
2,wed,04:00,1,2.07,1,N,90,79,2,4,0.5,0.5,0,0,0.3,13.3
2,sun,11:00,1,9.43,1,N,261,202,1,3,0.5,0.5,6.16,0,0.3,36.96
2,fri,13:00,1,0.36,1,N,249,158,1,3,0.5,0.5,5,0,0.3,10.8
1,sun,10:00,1,1.7,1,N,164,158,1,3,0.5,0.5,2.05,0,0.3,12.35
2,thur,16:00,1,1.47,1,N,234,137,1,1,0.5,0.5,1,0,0.3,12.3
2,mon,11:00,1,3.89,1,N,13,48,2,3,0.5,0.5,0,0,0.3,17.3
2,wed,18:00,2,6.81,1,N,246,193,2,0,0.5,0.5,0,0,0.3,26.3
1,thur,09:00,1,0.3,1,N,116,116,2,9,0.5,0.5,0,0,0.3,5.3
1,sat,11:00,4,0.6,1,N,239,238,2,7,0.5,0.5,0,0,0.3,6.3
2,tue,01:00,1,0.65,1,N,229,237,1,9,0.5,0.5,1.7,0,0.3,8.5
2,sat,20:00,1,0.81,1,N,186,164,2,9,0.5,0.5,0,0,0.3,6.8
2,fri,00:00,1,3.11,1,N,43,246,1,8,0.5,0.5,4.06,0,0.3,24.36
1,fri,15:00,2,0.8,1,N,137,224,2,1,0.5,0.5,0,0,0.3,5.8
1,thu,23:00,1,1.2,1,N,246,234,3,6,0.5,0.5,0,0,0.3,9.3
2,tue,23:00,1,1.41,1,N,238,41,2,7,0.5,0.5,0,0,0.3,7.8
2,thu,15:00,5,1.5,1,N,163,237,1,6,0.5,0.5,1.95,0,0.3,9.75
1,thu,21:00,3,2.7,1,N,249,48,1,7,0.5,0.5,3.75,0,0.3,22.55
2,tue,00:00,1,1.7,1,N,43,238,2,8,0.5,0.5,0,0,0.3,8.8
1,wed,23:00,2,4.5,1,N,79,236,1,2,0.5,0.5,2.6,0,0.3,19.9
1,tue,22:00,1,1.7,1,N,43,262,1,1,0.5,0.5,0.75,0,0.3,11.05
1,mon,15:00,1,3.7,1,N,79,25,1,9,0.5,0.5,3.75,0,0.3,22.55
1,wed,05:00,1,2.3,1,N,246,107,2,6,0.5,0.5,0,0,0.3,15.8
1,sun,20:00,1,1,1,N,107,170,1,4,0.5,0.5,1,0,0.3,8.8
1,thu,03:00,3,1.4,1,N,263,140,2,8,0.5,0.5,0,0,0.3,7.8
2,wed,03:00,5,0.22,1,N,41,41,2,0,0.5,0.5,0,0,0.3,4.3
1,thu,01:00,1,1.3,1,N,141,263,1,6,0.5,0.5,1,0,0.3,8.3
2,mon,02:00,1,4.36,1,N,41,50,1,3,0.5,0.5,3.36,0,0.3,20.16
1,wed,07:00,1,9,1,N,48,36,2,9,0.5,0.5,0,0,0.3,38.3
1,sat,06:00,1,9.3,1,N,138,225,1,4,0.5,0.5,6.25,0,0.3,37.55
1,sat,06:00,2,4.9,1,N,50,13,1,7,0.5,0.5,4.95,0,0.3,24.75
1,wed,00:00,1,1.7,1,N,90,79,1,7,0.5,0.5,3.05,0,0.3,13.35
1,wed,04:00,1,0.8,1,N,239,143,1,0,0.5,0.5,0,0,0.3,7.3
1,tue,21:00,2,8.8,1,N,48,235,2,3,0.5,0.5,0,0,0.3,27.3
1,sat,07:00,3,1.7,1,N,148,107,1,4,0.5,0.5,2.05,0,0.3,12.35
2,sat,23:00,1,5.15,1,N,239,145,1,3,0.5,0.5,5.08,0,0.3,25.38
2,sun,21:00,1,1.96,1,N,231,144,1,2,0.5,0.5,2.06,0,0.3,12.36
1,fri,22:00,1,2.7,1,N,4,87,1,3,0.5,0.5,1,0,0.3,13.3
1,mon,07:00,1,2.1,1,N,79,233,1,8,0.5,0.5,3.65,0,0.3,15.95
2,sat,05:00,1,0.43,1,N,236,263,2,6,0.5,0.5,0,0,0.3,5.3
1,fri,03:00,1,2.2,1,N,142,229,1,2,0.5,0.5,2.35,0,0.3,14.15
2,sat,20:00,1,3.74,1,N,166,141,1,2,0.5,0.5,3.06,0,0.3,18.36
1,fri,00:00,1,12.3,1,N,138,50,1,7,0.5,0.5,4,5.76,0.3,49.06
2,sat,18:00,2,0.63,1,N,107,170,1,2,0.5,0.5,1.26,0,0.3,7.56
2,mon,16:00,2,0.1,1,N,148,148,3,5,-0.5,-0.5,0,0,-0.3,-3.8
1,sat,07:00,2,2.1,1,N,79,161,2,6,0.5,0.5,0,0,0.3,13.3
2,sat,20:00,3,5.23,1,N,90,181,1,9,0.5,0.5,4,0,0.3,29.8
1,sun,16:00,1,3.5,1,N,237,224,1,2,0.5,0.5,3.15,0,0.3,18.95
1,thur,04:00,4,0.5,1,N,90,68,1,5,0.5,0.5,1.45,0,0.3,8.75
2,sun,13:00,2,4.85,1,N,236,114,1,2,0.5,0.5,6.39,0,0.3,27.69
2,thur,22:00,2,4.38,1,N,239,234,2,2,0.5,0.5,0,0,0.3,19.8
2,tue,01:00,2,1.22,1,N,161,43,1,1,0.5,0.5,2.06,0,0.3,12.36
1,sun,18:00,1,4.3,1,N,68,4,2,2,0.5,0.5,0,0,0.3,20.8
1,mon,13:00,1,0.6,1,N,80,112,2,5,0.5,0.5,0,0,0.3,6.3
1,thur,08:00,2,2.4,1,N,262,238,1,6,0.5,0.5,2.45,0,0.3,14.75
1,sun,06:00,1,1.7,1,N,186,113,3,8,0.5,0.5,0,0,0.3,10.3
1,thur,02:00,1,0.8,1,N,141,236,1,6,0.5,0.5,1.15,0,0.3,6.95
1,thur,21:00,1,2.6,1,N,137,231,2,0,0.5,0.5,0,0,0.3,11.8
1,thu,12:00,2,0.5,1,N,263,263,1,1,0.5,0.5,1.05,0,0.3,6.35
1,thu,02:00,1,1.9,1,N,237,238,1,1,0.5,0.5,3.2,0,0.3,14
2,tue,12:00,1,0.64,1,N,75,75,1,2,0.5,0.5,1.74,0,0.3,7.54
1,wed,11:00,1,0.9,1,N,141,263,2,9,0.5,0.5,0,0,0.3,5.8
2,thur,05:00,6,2.05,1,N,41,262,2,9,0.5,0.5,0,0,0.3,12.3
2,mon,09:00,1,3.13,1,N,161,239,2,6,0.5,0.5,0,0,0.3,15.8
2,sun,18:00,1,0.48,1,N,107,107,1,7,0.5,0.5,5,0,0.3,11.3
1,thur,06:00,1,2.6,1,N,236,170,2,6,0.5,0.5,0,0,0.3,12.3
1,wed,08:00,1,1.1,1,N,141,236,1,2,0.5,0.5,2,0,0.3,8.8
1,fri,01:00,2,3.3,1,N,141,170,2,6,0.5,0.5,0,0,0.3,18.8
2,wed,03:00,1,0.55,1,N,236,263,1,4,0.5,0.5,1.74,0,0.3,7.54
2,wed,00:00,1,7.15,1,N,148,82,2,8,0.5,0.5,0,0,0.3,25.3
2,fri,13:00,2,20.01,2,N,132,50,2,0,0,0.5,0,5.76,0.3,58.56
2,thu,12:00,1,2.12,1,N,237,263,1,8,0.5,0.5,2.26,0,0.3,13.56
1,sun,01:00,2,2.5,1,N,261,79,1,9,0.5,0.5,2.85,0,0.3,17.15
1,sun,06:00,3,0.1,1,N,75,75,2,6,0.5,0.5,0,0,0.3,4.3
2,sun,03:00,1,1.67,1,N,237,263,1,2,0.5,0.5,3.24,0,0.3,14.04
2,mon,05:00,5,2.11,1,N,239,236,1,5,0.5,0.5,1.7,0,0.3,14
2,wed,03:00,3,0,1,N,236,236,1,7,0.5,0.5,0,0,0.3,5.8
2,mon,23:00,1,0.79,1,N,161,233,2,0,0.5,0.5,0,0,0.3,6.8
1,thur,12:00,1,3.6,1,N,236,234,1,8,0.5,0.5,4.8,0,0.3,24.1
2,thu,11:00,4,3.37,1,N,246,238,2,3,0.5,0.5,0,0,0.3,17.8
1,wed,04:00,3,1.2,1,N,140,237,2,6,0.5,0.5,0,0,0.3,7.8
1,mon,03:00,1,4.6,1,N,107,181,2,8,0.5,0.5,0,0,0.3,20.3
1,thur,20:00,1,5,1,N,79,143,1,7,0.5,0.5,4.75,0,0.3,28.55
2,wed,17:00,1,1.43,1,N,14,228,2,4,0.5,0.5,0,0,0.3,8.3
2,wed,04:00,2,3.52,1,N,88,90,2,7,0.5,0.5,0,0,0.3,14.8
2,thu,04:00,1,4.82,1,N,263,68,2,1,0.5,0.5,0,0,0.3,21.3
2,fri,00:00,1,3.33,1,N,263,48,1,3,0.5,0.5,3.26,0,0.3,19.56
2,sun,17:00,1,4.75,1,N,50,112,2,3,0.5,0.5,0,0,0.3,20.3
1,wed,13:00,1,11.2,1,N,141,83,2,8,0.5,0.5,0,0,0.3,47.8
2,sat,23:00,1,0.5,1,N,107,107,1,8,0.5,0.5,1.06,0,0.3,6.36
1,fri,04:00,1,1.9,1,N,243,243,2,2,0.5,0.5,0,0,0.3,8.8
1,tue,09:00,1,2.6,1,N,238,48,2,5,0.5,0.5,0,0,0.3,14.8
2,thur,00:00,3,7.87,1,N,142,244,1,9,0.5,0.5,5.26,0,0.3,31.56
1,sun,09:00,2,0.5,1,N,141,263,2,3,0.5,0.5,0,0,0.3,5.3
1,sat,16:00,1,0.3,1,N,79,79,1,6,0.5,0.5,1.3,0,0.3,6.6
2,tue,23:00,1,1.15,1,N,107,68,1,5,0.5,0.5,2.46,0,0.3,14.76
1,thur,14:00,1,1.6,1,N,79,234,1,7,0.5,0.5,1,0,0.3,13.8
1,tue,18:00,2,2.1,1,N,238,48,1,5,0.5,0.5,0,0,0.3,9.8
2,tue,02:00,5,2.1,1,N,41,41,1,4,0.5,0.5,2.26,0,0.3,13.56
1,wed,01:00,1,0.6,1,N,140,237,1,5,0.5,0.5,1.25,0,0.3,7.55
1,thur,13:00,1,1.7,1,N,239,151,1,3,0.5,0.5,1.96,0,0.3,11.76
2,thur,02:00,1,4.55,1,N,48,42,1,4,0.5,0.5,4.58,0,0.3,22.88
1,wed,21:00,1,0.9,1,N,107,79,1,9,0.5,0.5,2,0,0.3,8.8
1,thur,18:00,2,11.2,1,N,114,95,1,2,0.5,0.5,13.35,5.76,0.3,57.91
1,tue,17:00,2,3.8,1,N,107,263,2,9,0.5,0.5,0,0,0.3,16.8
1,sun,11:00,4,0.8,1,N,263,141,1,5,0.5,0.5,1.25,0,0.3,7.55
2,thur,14:00,1,3.93,1,N,141,166,1,5,0.5,0.5,1.48,0,0.3,18.23
2,wed,06:00,1,3.01,1,N,137,262,1,9,0.5,0.5,2.26,0,0.3,13.56
2,fri,16:00,1,12.28,1,N,90,180,1,8,0.5,0.5,11.52,5.76,0.3,57.58
1,fri,17:00,2,0.7,1,N,236,140,2,3,0.5,0.5,0,0,0.3,6.3
1,sat,02:00,1,0.7,1,N,142,142,1,6,0.5,0.5,1.4,0,0.3,7.2
2,wed,01:00,1,3.7,1,N,166,244,1,8,0.5,0.5,3.45,0,0.3,17.25
1,wed,12:00,2,4.1,1,N,144,112,2,0,0.5,0.5,0,0,0.3,16.3
2,thur,04:00,2,0.68,1,N,236,263,2,9,0.5,0.5,0,0,0.3,6.3
2,sat,02:00,3,2.06,1,N,148,90,2,8,0.5,0.5,0,0,0.3,13.8
2,mon,12:00,4,3.47,1,N,161,151,1,7,0.5,0.5,2.66,0,0.3,15.96
1,tue,19:00,1,2,1,N,236,140,1,3,0.5,0.5,2.16,0,0.3,12.96
1,thu,04:00,1,5.8,1,N,236,244,2,6,0.5,0.5,0,0,0.3,21.3
1,fri,20:00,1,1,1,N,142,239,2,6,0.5,0.5,0,0,0.3,7.8
2,sat,14:00,1,4.83,1,N,114,237,2,8,0.5,0.5,0,0,0.3,22.3
2,sat,15:00,1,3.85,1,N,229,7,1,6,0.5,0.5,5,0,0.3,19.8
1,sun,20:00,2,1.8,1,N,249,107,1,6,0.5,0.5,2.35,0,0.3,14.15
2,tue,08:00,2,3.33,1,N,239,170,1,2,0.5,0.5,3.95,0,0.3,19.75
2,mon,16:00,1,0.38,1,N,170,170,2,2,0.5,0.5,0,0,0.3,4.8
1,wed,23:00,1,0.6,1,N,113,249,1,5,0.5,0.5,1.35,0,0.3,8.15
1,thur,06:00,1,3.1,1,N,263,137,2,2,0.5,0.5,0,0,0.3,13.3
1,thur,14:00,1,1.4,1,N,50,239,1,5,0.5,0.5,1.55,0,0.3,9.35
2,tue,12:00,2,0,1,N,262,262,1,3,0.5,0.5,8,0,0.3,11.8
2,sat,09:00,1,0.87,1,N,161,237,2,6,0.5,0.5,0,0,0.3,6.3
2,wed,02:00,2,12.99,1,N,43,92,2,9,0.5,0.5,0,0,0.3,38.3
2,tue,07:00,2,1.15,1,N,263,141,2,4,0.5,0.5,0,0,0.3,6.8
2,thu,11:00,5,1.32,1,N,42,41,2,3,0.5,0.5,0,0,0.3,8.3
1,sun,05:00,3,1.9,1,N,239,151,1,0,0.5,0.5,3,0,0.3,13.3
2,sun,09:00,1,1.04,1,N,238,239,1,0,0.5,0.5,0.68,0,0.3,9.43
2,sun,01:00,1,6.05,1,N,249,236,2,9,0.5,0.5,0,0,0.3,25.3
1,tue,08:00,2,0.9,1,N,233,137,2,6,0.5,0.5,0,0,0.3,6.8
1,thu,18:00,1,3.6,1,N,163,79,1,5,0.5,0.5,2,0,0.3,18.8
2,mon,12:00,1,5.34,1,N,107,33,1,9,0.5,0.5,1,0,0.3,19.3
2,fri,06:00,2,1.54,1,N,140,263,1,6,0.5,0.5,1.46,0,0.3,8.76
1,sat,21:00,1,0.6,1,N,148,232,1,1,0.5,0.5,1.06,0,0.3,6.36
2,mon,17:00,2,0.74,1,N,68,68,2,8,0.5,0.5,0,0,0.3,12.3
2,tue,17:00,1,0.55,1,N,170,170,1,8,0.5,0.5,1.95,0,0.3,9.75
1,thu,20:00,2,1.6,1,N,237,238,1,8,0.5,0.5,1.65,0,0.3,9.95
1,mon,08:00,1,3.3,1,N,79,48,2,9,0.5,0.5,0,0,0.3,19.8
1,mon,19:00,2,3.3,1,N,164,262,1,2,0.5,0.5,3.15,0,0.3,18.95
2,thur,19:00,1,2.58,1,N,141,186,2,9,0.5,0.5,0,0,0.3,16.3
2,wed,14:00,2,1,1,N,170,161,1,1,0.5,0.5,1.4,0,0.3,10.7
1,thur,21:00,2,2.6,1,N,263,48,1,7,0.5,0.5,2.76,0,0.3,16.56
2,sat,12:00,2,1.37,1,N,142,141,1,2,0.5,0.5,1.56,0,0.3,9.36
1,wed,17:00,2,0.7,1,N,79,79,1,4,0.5,0.5,1.25,0,0.3,7.55
1,wed,02:00,2,0.5,1,N,236,236,1,7,0.5,0.5,1.55,0,0.3,6.85
2,wed,03:00,1,0.94,1,N,164,90,1,3,0.5,0.5,1.66,0,0.3,9.96
2,thu,02:00,1,4.18,1,N,79,263,1,2,0.5,0.5,3.46,0,0.3,20.76
1,thur,23:00,1,1.9,1,N,33,40,1,6,0.5,0.5,1.4,0,0.3,10.7
2,sun,23:00,1,1.8,1,N,142,151,2,2,0.5,0.5,0,0,0.3,9.3
1,fri,07:00,2,0.6,1,N,113,264,1,3,0.5,0.5,1.45,0,0.3,8.75
2,sat,19:00,1,4.34,1,N,113,263,1,7,0.5,0.5,3.36,0,0.3,20.16
2,fri,12:00,3,3.65,1,N,43,224,2,8,0.5,0.5,0,0,0.3,16.8
1,sat,23:00,2,1.5,1,N,236,239,1,9,0.5,0.5,1,0,0.3,10.3
2,sun,07:00,5,1.66,1,N,234,161,1,7,0.5,0.5,2.95,0,0.3,14.75
1,tue,11:00,4,5.4,1,N,113,181,2,7,0.5,0.5,0,0,0.3,23.3
2,sun,23:00,1,10.84,1,N,114,198,2,6,0.5,0.5,0,0,0.3,38.8
1,wed,18:00,2,1.3,1,N,239,50,2,5,0.5,0.5,0,0,0.3,8.8
1,mon,17:00,1,1,1,N,137,186,1,6,0.5,0.5,0,0,0.3,8.3
2,sat,06:00,5,0,1,N,193,193,2,0,0.5,0.5,0,5.76,0.3,13.31
2,tue,05:00,2,1.57,1,N,238,41,1,6,0.5,0.5,1.86,0,0.3,11.16
1,tue,05:00,3,0.6,1,N,137,233,1,3,0.5,0.5,1.35,0,0.3,8.15
1,mon,05:00,2,3.1,1,N,237,224,1,1,0.5,0.5,2.75,0,0.3,16.55
2,thur,09:00,4,0.67,1,N,170,161,2,9,0.5,0.5,0,0,0.3,6.8
2,sat,19:00,1,4.32,1,N,87,181,2,9,0.5,0.5,0,0,0.3,19.3
1,wed,03:00,1,0.4,1,N,43,161,2,5,0.5,0.5,0,0,0.3,6.3
2,fri,07:00,1,3.19,1,N,142,164,2,9,0.5,0.5,0,0,0.3,23.3
2,fri,01:00,1,1.38,1,N,163,48,1,5,0.5,0.5,2.06,0,0.3,12.36
2,tue,17:00,1,4.44,1,N,226,142,1,2,0.5,0.5,5.19,0,0.3,22.49
1,tue,02:00,1,2.6,1,N,239,246,1,7,0.5,0.5,1,0,0.3,16.3
2,mon,21:00,1,0.76,1,N,142,239,2,1,0.5,0.5,0,0,0.3,6.3
1,thu,23:00,2,1.3,1,N,148,107,1,8,0.5,0.5,2.45,0,0.3,12.25
2,tue,13:00,3,2.36,1,N,33,66,1,2,0.5,0.5,3.09,0,0.3,15.34
2,sun,09:00,1,8.28,1,N,138,263,1,8,0.5,0.5,6.11,5.76,0.3,36.67
2,sun,02:00,4,5.17,1,N,161,209,2,5,0.5,0.5,0,0,0.3,19.8
2,sun,00:00,1,0.89,1,N,141,263,1,2,0.5,0.5,0.58,0,0.3,6.38
1,tue,13:00,1,2.3,1,N,4,233,1,4,0.5,0.5,1.95,0,0.3,11.75
1,wed,05:00,1,2.5,1,N,79,100,1,3,0.5,0.5,1.85,0,0.3,14.15
2,thu,10:00,5,9.91,1,N,239,25,1,6,0.5,0.5,8.08,0,0.3,40.38
2,fri,11:00,1,8.08,1,N,231,141,1,2,0.5,0.5,5.36,0,0.3,32.16
1,sat,22:00,2,3.2,1,N,244,41,1,7,0.5,0.5,2.85,0,0.3,17.15
1,thur,11:00,2,2.8,1,N,246,162,1,5,0.5,0.5,3.25,0,0.3,19.55
1,sun,12:00,1,2,1,N,236,233,1,0,0.5,0.5,1.85,0,0.3,11.15
1,tue,14:00,1,2.6,1,N,148,246,2,0,0.5,0.5,0,0,0.3,13.3
2,fri,20:00,1,2.2,1,N,162,262,1,5,0.5,0.5,2.26,0,0.3,13.56
2,wed,07:00,1,3.29,1,N,164,231,2,9,0.5,0.5,0,0,0.3,14.8
1,thu,13:00,1,1.4,1,N,229,237,1,7,0.5,0.5,1.2,0,0.3,10
1,mon,08:00,1,2.1,1,N,143,24,1,0,0.5,0.5,2.05,0,0.3,12.35
2,fri,01:00,1,2,1,N,100,141,1,7,0.5,0.5,3.84,0,0.3,16.64
1,mon,13:00,1,1.9,1,N,229,234,2,4,0.5,0.5,0,0,0.3,11.8
1,thur,18:00,2,0.8,1,N,262,236,1,6,0.5,0.5,1.17,0,0.3,8.97
2,sat,06:00,5,0.98,1,N,113,107,1,1,0.5,0.5,2.79,0,0.3,12.09
1,mon,12:00,2,0.4,1,N,249,249,1,7,0.5,0.5,1.05,0,0.3,6.35
1,fri,09:00,1,2.1,1,N,75,151,2,7,0.5,0.5,0,0,0.3,9.3
1,mon,12:00,1,0.7,1,N,238,151,1,5,0.5,0.5,1.7,0,0.3,8.5
2,tue,18:00,1,7.62,1,N,246,181,1,2,0.5,0.5,6.46,0,0.3,38.76
2,wed,02:00,1,2.1,1,N,162,48,1,9,0.5,0.5,2.86,0,0.3,17.16
2,thu,02:00,2,3.02,1,N,161,48,2,4,0.5,0.5,0,0,0.3,21.3
1,wed,06:00,2,0.8,1,N,43,238,1,1,0.5,0.5,1.25,0,0.3,7.55
1,mon,14:00,1,2.8,1,N,142,90,2,7,0.5,0.5,0,0,0.3,17.3
2,tue,21:00,3,1.88,1,N,43,48,2,4,0.5,0.5,0,0,0.3,13.8
1,wed,10:00,1,1,1,N,144,249,2,3,0.5,0.5,0,0,0.3,7.3
1,fri,19:00,1,1.1,1,N,79,137,1,4,0.5,0.5,1.55,0,0.3,9.35
2,sat,03:00,1,3.13,1,N,142,90,2,8,0.5,0.5,0,0,0.3,16.3
2,thu,19:00,1,0.83,1,N,137,79,1,6,0.5,0.5,1.46,0,0.3,8.76
2,mon,01:00,1,0.85,1,N,262,75,2,3,0.5,0.5,0,0,0.3,6.3
2,thu,18:00,2,19.3,1,N,48,265,2,0,0.5,0.5,0,5.76,0.3,68.06
2,wed,14:00,1,1.01,1,N,161,164,2,7,0.5,0.5,0,0,0.3,13.8
2,thur,13:00,3,1.92,1,N,229,236,1,1,0.5,0.5,1.96,0,0.3,11.76
1,sun,15:00,1,2.2,1,N,107,140,1,6,0.5,0.5,2.15,0,0.3,12.95
1,thu,00:00,4,4.1,1,N,79,112,1,4,0.5,0.5,3.45,0,0.3,20.75
2,thur,00:00,1,1.58,1,N,166,238,1,0,0.5,0.5,1.76,0,0.3,10.56
2,thur,04:00,1,3.59,1,N,140,151,1,6,0.5,0.5,3.46,0,0.3,22.71
2,tue,11:00,1,12.89,1,N,138,87,2,4,0.5,0.5,0,0,0.3,37.3
1,sat,14:00,1,0.9,1,N,68,68,1,6,0.5,0.5,1.8,0,0.3,9.1
2,wed,10:00,1,5.96,1,N,75,113,2,8,0.5,0.5,0,0,0.3,21.8
2,fri,05:00,5,0,2,N,193,193,2,8,0,0.5,0,0,0.3,55.55
2,fri,11:00,2,1.43,1,N,239,236,2,9,0.5,0.5,0,0,0.3,8.3
2,mon,14:00,6,4.58,1,N,142,7,1,0,0.5,0.5,2.74,0,0.3,21.04
2,mon,00:00,1,0.76,1,N,238,151,1,0,0.5,0.5,1.36,0,0.3,8.16
1,mon,05:00,1,3.8,1,N,68,238,2,5,0.5,0.5,0,0,0.3,17.8
1,sun,21:00,4,1,1,N,142,50,1,2,0.5,0.5,1.55,0,0.3,9.35
1,mon,20:00,2,2.7,1,N,74,116,1,4,0.5,0.5,2.75,0,0.3,16.55
1,sat,10:00,1,1.8,1,N,79,164,1,1,0.5,0.5,2.65,0,0.3,15.95
1,thu,14:00,4,1.5,1,N,151,142,2,5,0.5,0.5,0,0,0.3,9.3
1,mon,02:00,3,0.4,1,N,141,141,1,3,0.5,0.5,0.26,0,0.3,5.56
2,sat,10:00,1,1.4,1,N,239,151,1,8,0.5,0.5,2.32,0,0.3,11.62
2,tue,18:00,4,0.79,1,N,237,229,2,9,0.5,0.5,0,0,0.3,6.8
1,wed,12:00,2,2.1,1,N,158,107,2,0,0.5,0.5,0,0,0.3,15.8
2,fri,22:00,1,2.06,1,N,162,234,1,7,0.5,0.5,2.06,0,0.3,12.36
1,thu,08:00,1,2,1,N,229,224,2,9,0.5,0.5,0,0,0.3,10.8
1,thur,05:00,1,3.8,1,N,238,162,2,0,0.5,0.5,0,0,0.3,17.3
1,sun,19:00,1,1.1,1,N,236,237,1,2,0.5,0.5,1,0,0.3,7.8
2,fri,20:00,1,1.72,1,N,41,247,2,0,0.5,0.5,0,0,0.3,10.3
2,wed,20:00,1,2.22,1,N,249,170,2,0,0.5,0.5,0,0,0.3,15.3
1,mon,06:00,1,4.4,1,N,163,74,1,3,0.5,0.5,1,0,0.3,17.8
1,fri,11:00,0,1,1,N,107,170,2,3,0.5,0.5,0,0,0.3,9.3
1,thur,04:00,1,3.5,1,N,263,48,2,4,0.5,0.5,0,0,0.3,22.8
1,sun,17:00,2,1.6,1,N,230,48,2,6,0.5,0.5,0,0,0.3,11.8
1,fri,13:00,1,1.6,1,N,236,238,1,0,0.5,0.5,1,0,0.3,9.8
1,mon,18:00,1,0.2,1,Y,186,186,2,8,0.5,0.5,0,0,0.3,9.3
1,sun,18:00,4,2.3,1,N,162,246,1,6,0.5,0.5,2,0,0.3,16.3
1,sun,19:00,4,2.2,1,N,236,74,1,6,0.5,0.5,0,0,0.3,9.3
1,mon,02:00,2,0.7,1,N,239,142,1,2,0.5,0.5,1.95,0,0.3,9.75
2,thu,03:00,1,1.5,1,N,161,43,1,3,0.5,0.5,1.96,0,0.3,11.76
1,thu,06:00,1,1.5,1,N,79,232,2,9,0.5,0.5,0,0,0.3,10.3
2,mon,07:00,1,2.1,1,N,151,142,2,7,0.5,0.5,0,0,0.3,10.8
2,tue,06:00,1,1.11,1,N,234,170,1,6,0.5,0.5,1,0,0.3,9.8
1,tue,17:00,2,1.3,1,N,238,239,2,0,0.5,0.5,0,0,0.3,8.3
1,wed,14:00,2,8.6,1,N,238,87,2,9,0.5,0.5,0,0,0.3,27.8
1,wed,19:00,1,3.6,1,N,48,41,1,3,0.5,0.5,2.35,0,0.3,16.15
1,sun,02:00,1,1.9,1,N,231,79,1,7,0.5,0.5,2,0,0.3,13.8
1,sat,07:00,1,2.8,1,N,79,141,2,7,0.5,0.5,0,0,0.3,11.8
2,sat,04:00,1,1.4,1,N,170,68,1,0,0.5,0.5,2.36,0,0.3,14.16
2,sat,14:00,1,2.85,1,N,231,170,1,5,0.5,0.5,3.46,0,0.3,20.76
2,sat,13:00,1,1.96,1,N,236,229,2,0,0.5,0.5,0,0,0.3,9.8
2,wed,18:00,1,10.15,1,N,164,257,1,6,0.5,0.5,7.31,5.76,0.3,43.87
1,mon,06:00,1,3.8,1,N,113,142,1,2,0.5,0.5,4.15,0,0.3,24.95
2,mon,01:00,3,1.53,1,N,244,243,1,9,0.5,0.5,2.16,0,0.3,14.91
1,fri,13:00,1,2.4,1,N,41,42,2,6,0.5,0.5,0,0,0.3,12.3
2,sat,12:00,2,1.13,1,N,43,75,1,1,0.5,0.5,13.2,0,0.3,20
1,thur,13:00,1,0.9,1,N,231,125,2,8,0.5,0.5,0,0,0.3,6.8
1,sun,08:00,3,3.6,1,N,107,262,1,6,0.5,0.5,3.35,0,0.3,20.15
1,fri,10:00,2,0.5,1,N,263,141,1,4,0.5,0.5,0.95,0,0.3,5.75
2,sun,02:00,1,2.87,1,N,74,151,2,7,0.5,0.5,0,0,0.3,12.8
2,fri,10:00,1,1.12,1,N,148,79,1,4,0.5,0.5,1.56,0,0.3,9.36
2,sun,13:00,5,0.35,1,N,236,236,1,5,0.5,0.5,1.16,0,0.3,6.96
2,wed,00:00,1,4.1,1,N,137,75,1,1,0.5,0.5,0,0,0.3,15.3
2,mon,07:00,1,1.14,1,N,239,48,1,8,0.5,0.5,1,0,0.3,8.8
1,thu,01:00,2,1.3,1,N,249,107,1,8,0.5,0.5,3.8,0,0.3,16.6
1,thur,02:00,2,0.8,1,N,209,231,1,9,0.5,0.5,1,0,0.3,9.3
2,mon,15:00,1,1.31,1,N,141,233,1,1,0.5,0.5,1.56,0,0.3,9.36
1,thu,10:00,2,3.3,1,N,263,107,1,9,0.5,0.5,2.55,0,0.3,15.35
2,fri,11:00,2,0.86,1,N,142,143,1,6,0.5,0.5,1.36,0,0.3,8.16
1,tue,14:00,2,4.3,1,N,142,249,1,7,0.5,0.5,4.05,0,0.3,24.35
1,fri,20:00,1,3.1,1,N,90,148,2,9,0.5,0.5,0,0,0.3,14.3
1,fri,13:00,1,1.1,1,N,137,113,1,1,0.5,0.5,0.02,0,0.3,6.82
1,sat,01:00,4,1.8,1,N,234,4,1,5,0.5,0.5,2.35,0,0.3,14.15
2,thu,14:00,2,5.98,1,N,74,234,1,0,0.5,0.5,4.36,0,0.3,26.16
2,thu,15:00,1,0.64,1,N,164,170,1,1,0.5,0.5,1.02,0,0.3,7.82
2,wed,16:00,3,2.66,1,N,238,161,1,1,0.5,0.5,2.5,0,0.3,16.8
2,mon,10:00,1,0.89,1,N,148,79,1,0,0.5,0.5,1.36,0,0.3,8.16
1,tue,22:00,1,0.9,1,N,90,107,1,0,0.5,0.5,1,0,0.3,10.8
1,fri,15:00,2,3.5,1,N,107,143,1,6,0.5,0.5,3.85,0,0.3,23.15
2,mon,12:00,1,0.67,1,N,170,162,1,6,0.5,0.5,1.45,0,0.3,7.25
2,mon,10:00,1,2.02,1,N,79,231,1,3,0.5,0.5,3.39,0,0.3,14.69
1,mon,19:00,1,0.4,1,N,141,237,1,1,0.5,0.5,1,0,0.3,6.8
2,sun,02:00,2,3.34,1,N,234,263,2,3,0.5,0.5,0,0,0.3,14.3
1,sat,06:00,2,1.7,1,N,262,239,1,0,0.5,0.5,1,0,0.3,10.8
1,fri,18:00,0,0.7,1,N,90,249,1,7,0.5,0.5,1,0,0.3,8.3
1,wed,15:00,2,2.9,1,N,246,79,1,2,0.5,0.5,3,0,0.3,18.3
2,thur,07:00,1,1.18,1,N,141,262,1,3,0.5,0.5,1.66,0,0.3,9.96
2,fri,14:00,1,5.63,1,N,113,238,1,6,0.5,0.5,5.06,0,0.3,30.36
2,sun,10:00,1,0.95,1,N,158,90,1,6,0.5,0.5,1.46,0,0.3,8.76
1,sat,00:00,2,1.3,1,N,141,162,1,5,0.5,0.5,1.85,0,0.3,11.15
2,tue,03:00,2,3.79,1,N,68,88,1,3,0.5,0.5,4.74,0,0.3,20.54
1,sat,08:00,2,1.3,1,N,264,264,1,0,0.5,0.5,1.58,0,0.3,10.38
2,sat,17:00,1,5.27,1,N,79,13,1,0,0.5,0.5,0,0,0.3,20.3
1,thur,07:00,2,5.5,1,N,163,231,1,2,0.5,0.5,4.85,0,0.3,29.15
1,mon,10:00,2,1,1,N,163,100,1,1,0.5,0.5,3,0,0.3,17.3
2,thu,10:00,1,8.43,1,N,237,33,1,2,0.5,0.5,5.7,0,0.3,32
1,sun,07:00,1,4.3,1,N,246,144,1,3,0.5,0.5,4.15,0,0.3,24.95
1,thur,05:00,1,1.5,1,N,74,168,2,2,0.5,0.5,0,0,0.3,9.3
2,thur,19:00,1,0.93,1,N,161,162,2,8,0.5,0.5,0,0,0.3,6.3